Replicate,Mission,pH,Ka_Input_mNm,Percolation,Heterogeneity,Rupture_Tension_mNm
2,STATE_A_RIPENING,2.5,120.0,0.022682053322721846,0.6310393606353557,297.2820093626991
1,STATE_A_RIPENING,2.5,120.0,0.010346199761241544,0.5920933766661908,297.1370906820225
3,STATE_A_RIPENING,2.5,120.0,0.0238758456028651,0.6578750275728767,297.1978895123664
0,STATE_A_RIPENING,2.5,120.0,0.02148826104257859,0.6267451721586447,296.29722751142367
6,STATE_A_RIPENING,2.5,120.0,0.02148826104257859,0.5808051939550142,297.5352598316622
10,STATE_A_RIPENING,2.5,120.0,0.019498607242339833,0.6567412567998683,296.8516728709809
9,STATE_A_RIPENING,2.5,120.0,0.015121368881814564,0.5818995945770875,297.4751764001191
4,STATE_A_RIPENING,2.5,120.0,0.01591723040191007,0.57746797808764,296.85898387310925
8,STATE_A_RIPENING,2.5,120.0,0.016713091922005572,0.5792858943293344,297.35992220139485
14,STATE_A_RIPENING,2.5,120.0,0.012335853561480302,0.6386924029841864,296.674876370072
5,STATE_A_RIPENING,2.5,120.0,0.017508953442101075,0.6239066861142624,297.4699801240846
12,STATE_A_RIPENING,2.5,120.0,0.017906884202148827,0.6133708842721736,297.4354889745782
11,STATE_A_RIPENING,2.5,120.0,0.013529645841623557,0.5558701006798976,297.0560735429265
7,STATE_A_RIPENING,2.5,120.0,0.01193792280143255,0.5618886608460693,296.97521682125335
17,STATE_A_RIPENING,2.5,120.0,0.012335853561480302,0.5823933257122299,296.34207605407556
18,STATE_A_RIPENING,2.5,120.0,0.019498607242339833,0.6007130048473112,296.6230172880647
13,STATE_A_RIPENING,2.5,120.0,0.015121368881814564,0.5849933472973782,297.1894101344369
16,STATE_A_RIPENING,2.5,120.0,0.01830481496219658,0.5915622373706761,297.67825445357255
15,STATE_A_RIPENING,2.5,120.0,0.01591723040191007,0.6138532976470934,296.2947859256313
19,STATE_A_RIPENING,2.5,120.0,0.013927576601671309,0.596330799896642,296.9639000663611
20,STATE_A_RIPENING,2.5,120.0,0.016713091922005572,0.5896020974864788,297.4303689242625
21,STATE_A_RIPENING,2.5,120.0,0.021886191802626343,0.6112998499637126,297.7536529451576
22,STATE_A_RIPENING,2.5,120.0,0.020294468762435337,0.6141656212391433,297.7943954692205
23,STATE_A_RIPENING,2.5,120.0,0.012335853561480302,0.5999831353643443,297.6883039746793
24,STATE_A_RIPENING,2.5,120.0,0.00955033824114604,0.5647666713942912,297.6419525051674
25,STATE_A_RIPENING,2.5,120.0,0.01910067648229208,0.6494931293900367,297.1542807654578
26,STATE_A_RIPENING,2.5,120.0,0.01193792280143255,0.559441773253159,297.6449736414478
27,STATE_A_RIPENING,2.5,120.0,0.015519299641862315,0.5890191141022685,297.8619644227319
28,STATE_A_RIPENING,2.5,120.0,0.027855153203342618,0.6023752753626197,297.31698339098597
29,STATE_A_RIPENING,2.5,120.0,0.014723438121766812,0.6100032075070191,296.7067893212864
30,STATE_A_RIPENING,2.5,120.0,0.019896538002387585,0.6008767096665905,296.669476280667
35,STATE_A_RIPENING,2.5,120.0,0.01830481496219658,0.5774989659124818,296.68284456859493
34,STATE_A_RIPENING,2.5,120.0,0.019896538002387585,0.63207499678073,296.3738703435023
32,STATE_A_RIPENING,2.5,120.0,0.020692399522483088,0.5621752147941919,297.2371082785106
40,STATE_A_RIPENING,2.5,120.0,0.029048945483485872,0.5690294821074038,297.3481506805857
31,STATE_A_RIPENING,2.5,120.0,0.01591723040191007,0.6368717060294155,297.6623925940441
39,STATE_A_RIPENING,2.5,120.0,0.016713091922005572,0.6381528789789188,296.13103122297497
33,STATE_A_RIPENING,2.5,120.0,0.01631516116195782,0.6015006302087811,297.6866734948475
38,STATE_A_RIPENING,2.5,120.0,0.022284122562674095,0.5870670228202385,296.6881558185047
37,STATE_A_RIPENING,2.5,120.0,0.017111022682053324,0.6139459953019322,296.0356863631147
42,STATE_A_RIPENING,2.5,120.0,0.013131715081575806,0.581131607274112,296.7634181970617
36,STATE_A_RIPENING,2.5,120.0,0.015519299641862315,0.6162902363452916,296.52431669350034
41,STATE_A_RIPENING,2.5,120.0,0.01910067648229208,0.6061514102631242,297.501994987037
43,STATE_A_RIPENING,2.5,120.0,0.017111022682053324,0.5820271609881165,297.45050998725225
44,STATE_A_RIPENING,2.5,120.0,0.020294468762435337,0.5820770670653729,296.95689623630346
45,STATE_A_RIPENING,2.5,120.0,0.023079984082769598,0.5863815385916817,297.1992029406861
46,STATE_A_RIPENING,2.5,120.0,0.01432550736171906,0.5581517378834248,297.0647677241052
47,STATE_A_RIPENING,2.5,120.0,0.019498607242339833,0.6191468065662752,297.79352386777333
48,STATE_A_RIPENING,2.5,120.0,0.017508953442101075,0.6027042724657692,297.6008076737337
49,STATE_A_RIPENING,2.5,120.0,0.02626343016315161,0.5769702703821586,296.9941912779495
51,STATE_A_RIPENING,6.8,120.0,0.017906884202148827,0.5863530101946139,278.50278610376284
50,STATE_A_RIPENING,6.8,120.0,0.029446876243533624,0.6446551660931462,278.05534345378794
52,STATE_A_RIPENING,6.8,120.0,0.013131715081575806,0.6273447879182588,278.1082046118236
54,STATE_A_RIPENING,6.8,120.0,0.015121368881814564,0.6477529490840129,277.75010656734537
53,STATE_A_RIPENING,6.8,120.0,0.024671707122960605,0.650493934392839,278.2145104794887
56,STATE_A_RIPENING,6.8,120.0,0.023079984082769598,0.5902255208989595,279.075130819582
58,STATE_A_RIPENING,6.8,120.0,0.02626343016315161,0.6368030525395507,277.1208410295627
57,STATE_A_RIPENING,6.8,120.0,0.022682053322721846,0.6440368737978804,277.1638840899093
55,STATE_A_RIPENING,6.8,120.0,0.017111022682053324,0.6546696416085656,277.7529955175809
59,STATE_A_RIPENING,6.8,120.0,0.010346199761241544,0.586361241850812,277.5081754884012
60,STATE_A_RIPENING,6.8,120.0,0.01870274572224433,0.6056270759889768,277.9183961354253
61,STATE_A_RIPENING,6.8,120.0,0.011539992041384799,0.6305187170073238,277.14313641526485
63,STATE_A_RIPENING,6.8,120.0,0.01591723040191007,0.6718188961884013,278.2266420175018
62,STATE_A_RIPENING,6.8,120.0,0.01631516116195782,0.6022359751235359,277.0180356396578
65,STATE_A_RIPENING,6.8,120.0,0.022284122562674095,0.6170702041464807,277.7911293750868
64,STATE_A_RIPENING,6.8,120.0,0.017111022682053324,0.6256986292942949,277.51390838547053
67,STATE_A_RIPENING,6.8,120.0,0.0238758456028651,0.6717335821318552,278.0416249094116
66,STATE_A_RIPENING,6.8,120.0,0.03660962992439316,0.6212938845182484,277.7727952751203
68,STATE_A_RIPENING,6.8,120.0,0.025467568643056108,0.642711238745132,288.56943440538294
69,STATE_A_RIPENING,6.8,120.0,0.019896538002387585,0.6112743535382833,289.18028653028773
70,STATE_A_RIPENING,6.8,120.0,0.012733784321528054,0.6197205786672987,278.19909887567024
71,STATE_A_RIPENING,6.8,120.0,0.03183446080382014,0.6005846749954901,277.63334574104886
72,STATE_A_RIPENING,6.8,120.0,0.009948269001193792,0.5812615517011914,278.27303483553703
74,STATE_A_RIPENING,6.8,120.0,0.007958615200955034,0.5835987168823891,277.5079330926715
73,STATE_A_RIPENING,6.8,120.0,0.017508953442101075,0.5681231880284797,278.5303707155542
75,STATE_A_RIPENING,6.8,120.0,0.015519299641862315,0.5555693490310002,277.3199288153622
76,STATE_A_RIPENING,6.8,120.0,0.024273776362912853,0.6375830124135664,277.8207883529684
77,STATE_A_RIPENING,6.8,120.0,0.02148826104257859,0.6429882459667219,277.8839065454855
80,STATE_A_RIPENING,6.8,120.0,0.026661360923199363,0.6092287888006152,277.5408690662605
78,STATE_A_RIPENING,6.8,120.0,0.017111022682053324,0.5849178543158824,278.00297053855695
81,STATE_A_RIPENING,6.8,120.0,0.01910067648229208,0.6413841964834981,277.73235193249036
79,STATE_A_RIPENING,6.8,120.0,0.015121368881814564,0.6475460739427575,278.30430173514486
82,STATE_A_RIPENING,6.8,120.0,0.017111022682053324,0.6147418665941518,277.50229983562673
84,STATE_A_RIPENING,6.8,120.0,0.012733784321528054,0.6074875740339262,277.4254669439056
85,STATE_A_RIPENING,6.8,120.0,0.019896538002387585,0.6027483682093588,289.278470831512
86,STATE_A_RIPENING,6.8,120.0,0.019896538002387585,0.5893698397505237,278.8273756922582
83,STATE_A_RIPENING,6.8,120.0,0.022284122562674095,0.6447970069342419,277.9027459311434
87,STATE_A_RIPENING,6.8,120.0,0.038599283724631915,0.5943342481938048,277.76193191431736
90,STATE_A_RIPENING,6.8,120.0,0.014723438121766812,0.6065466844273193,277.9641476186036
88,STATE_A_RIPENING,6.8,120.0,0.017111022682053324,0.6128020682867542,278.04831415709145
89,STATE_A_RIPENING,6.8,120.0,0.01432550736171906,0.5727679223469524,278.2999669908609
92,STATE_A_RIPENING,6.8,120.0,0.01631516116195782,0.6234831708303415,278.47726997172254
91,STATE_A_RIPENING,6.8,120.0,0.012335853561480302,0.6603721263869171,288.83880253306387
93,STATE_A_RIPENING,6.8,120.0,0.011539992041384799,0.5715957432457522,278.1452135473502
94,STATE_A_RIPENING,6.8,120.0,0.016713091922005572,0.6297633929969547,278.34557324498513
95,STATE_A_RIPENING,6.8,120.0,0.019896538002387585,0.6751109468230736,278.6179269787877
96,STATE_A_RIPENING,6.8,120.0,0.01870274572224433,0.5728226823203106,278.8108846418301
97,STATE_A_RIPENING,6.8,120.0,0.012733784321528054,0.6282082195668054,278.3538032518176
98,STATE_A_RIPENING,6.8,120.0,0.022284122562674095,0.6553374353754983,277.3488991767595
99,STATE_A_RIPENING,6.8,120.0,0.017508953442101075,0.5933949019376352,277.3701754830658
100,STATE_A_RIPENING,7.4,120.0,0.012733784321528054,0.5953141499804534,277.85892598553556
102,STATE_A_RIPENING,7.4,120.0,0.01193792280143255,0.6180250292774092,278.25617139989015
101,STATE_A_RIPENING,7.4,120.0,0.02148826104257859,0.6054425425656768,278.14077880183913
103,STATE_A_RIPENING,7.4,120.0,0.017508953442101075,0.6152959550678417,277.9112485764768
104,STATE_A_RIPENING,7.4,120.0,0.014723438121766812,0.6203852763705835,277.8457326061952
105,STATE_A_RIPENING,7.4,120.0,0.015519299641862315,0.6318045631282945,279.09338298668155
108,STATE_A_RIPENING,7.4,120.0,0.010744130521289296,0.6023212663781553,278.19699896719555
106,STATE_A_RIPENING,7.4,120.0,0.024273776362912853,0.61376710988215,277.8106587064754
107,STATE_A_RIPENING,7.4,120.0,0.016713091922005572,0.6210820403466255,278.12755794407326
109,STATE_A_RIPENING,7.4,120.0,0.013131715081575806,0.587100825701847,278.9204926429847
110,STATE_A_RIPENING,7.4,120.0,0.01432550736171906,0.6095298831228533,277.4467966051902
111,STATE_A_RIPENING,7.4,120.0,0.03064066852367688,0.6308148807609903,278.80001620903846
112,STATE_A_RIPENING,7.4,120.0,0.019498607242339833,0.7027018848896791,277.8814787070524
113,STATE_A_RIPENING,7.4,120.0,0.01432550736171906,0.6023653737149527,278.4569117243523
114,STATE_A_RIPENING,7.4,120.0,0.01830481496219658,0.6220822775870528,278.4022798223084
116,STATE_A_RIPENING,7.4,120.0,0.019896538002387585,0.5867781371785926,278.73742673666453
117,STATE_A_RIPENING,7.4,120.0,0.03700756068444091,0.605912501702357,278.521483535879
115,STATE_A_RIPENING,7.4,120.0,0.025069637883008356,0.6344782671199934,288.72159712561967
118,STATE_A_RIPENING,7.4,120.0,0.011142061281337047,0.5749254090192654,277.8293051282592
120,STATE_A_RIPENING,7.4,120.0,0.023079984082769598,0.6189551321196042,278.51928943373235
119,STATE_A_RIPENING,7.4,120.0,0.015519299641862315,0.6476352767069681,276.94430603107645
121,STATE_A_RIPENING,7.4,120.0,0.017111022682053324,0.6175314193992687,278.16271828088355
123,STATE_A_RIPENING,7.4,120.0,0.012733784321528054,0.5742224850389176,278.0285689940602
125,STATE_A_RIPENING,7.4,120.0,0.027059291683247114,0.6730344148487939,277.35096961411483
124,STATE_A_RIPENING,7.4,120.0,0.017508953442101075,0.6247703675029823,277.6757244862732
122,STATE_A_RIPENING,7.4,120.0,0.012733784321528054,0.5912585152522516,278.0053476700158
127,STATE_A_RIPENING,7.4,120.0,0.01910067648229208,0.6302723588761838,277.4164578919662
126,STATE_A_RIPENING,7.4,120.0,0.013131715081575806,0.6206283541500692,277.9508211418839
128,STATE_A_RIPENING,7.4,120.0,0.03064066852367688,0.7084061173757967,277.8004003937019
129,STATE_A_RIPENING,7.4,120.0,0.00955033824114604,0.5781400432097351,277.86452728014063
131,STATE_A_RIPENING,7.4,120.0,0.012335853561480302,0.577362149523939,278.2199205054214
130,STATE_A_RIPENING,7.4,120.0,0.016713091922005572,0.6316250138494963,277.24784489556464
132,STATE_A_RIPENING,7.4,120.0,0.026661360923199363,0.6966964023160361,288.9823101404665
134,STATE_A_RIPENING,7.4,120.0,0.017508953442101075,0.6302141595394217,277.4747895320787
133,STATE_A_RIPENING,7.4,120.0,0.019498607242339833,0.6151930545005788,277.61979975984224
135,STATE_A_RIPENING,7.4,120.0,0.012733784321528054,0.6193476897513195,277.72968092688154
136,STATE_A_RIPENING,7.4,120.0,0.01432550736171906,0.6117259130552691,277.17008839856004
137,STATE_A_RIPENING,7.4,120.0,0.011539992041384799,0.5804785392879867,278.1200886514071
138,STATE_A_RIPENING,7.4,120.0,0.02148826104257859,0.6174489906581445,277.97131818756793
139,STATE_A_RIPENING,7.4,120.0,0.022682053322721846,0.5843349860380872,277.99068741461497
143,STATE_A_RIPENING,7.4,120.0,0.01432550736171906,0.5977761378614536,277.7536434499299
141,STATE_A_RIPENING,7.4,120.0,0.010744130521289296,0.6093260867456992,278.8011809252154
140,STATE_A_RIPENING,7.4,120.0,0.026661360923199363,0.6450595855619689,277.82092836430263
145,STATE_A_RIPENING,7.4,120.0,0.017508953442101075,0.5961182607861659,277.64472285421704
142,STATE_A_RIPENING,7.4,120.0,0.01910067648229208,0.6533397021197825,278.4402167632936
146,STATE_A_RIPENING,7.4,120.0,0.01432550736171906,0.5874530047605546,277.87036808407487
144,STATE_A_RIPENING,7.4,120.0,0.015519299641862315,0.6283377187089851,277.82097935672385
147,STATE_A_RIPENING,7.4,120.0,0.016713091922005572,0.627903021582813,278.6384748160592
149,STATE_A_RIPENING,7.4,120.0,0.023079984082769598,0.6070660419306181,277.6925194553426
148,STATE_A_RIPENING,7.4,120.0,0.025069637883008356,0.6302209418471196,278.39983507194546
150,STATE_B_DEFENSE,2.5,690.0,0.40827695980899326,0.6287184077011689,458.90866007642046
152,STATE_B_DEFENSE,2.5,690.0,0.34460803820135294,0.6309237565487866,458.55303938661126
151,STATE_B_DEFENSE,2.5,690.0,0.42140867489056905,0.6008364448934338,469.6560120429081
153,STATE_B_DEFENSE,2.5,690.0,0.1985674492638281,0.5941804128658544,458.56135782744457
154,STATE_B_DEFENSE,2.5,690.0,0.3087942697970553,0.5877275916122665,458.3346364408297
156,STATE_B_DEFENSE,2.5,690.0,0.23040191006764824,0.603922356772486,469.7057645209437
155,STATE_B_DEFENSE,2.5,690.0,0.2586549940310386,0.6192210061774341,469.60748760481323
157,STATE_B_DEFENSE,2.5,690.0,0.31675288499801035,0.62570653388678,458.3352132734594
159,STATE_B_DEFENSE,2.5,690.0,0.4373259052924791,0.5981454716685007,469.4251216791838
158,STATE_B_DEFENSE,2.5,690.0,0.46916036609629924,0.6421480598731136,458.4317958780948
162,STATE_B_DEFENSE,2.5,690.0,0.3939514524472742,0.6095644943732802,458.45186980671724
160,STATE_B_DEFENSE,2.5,690.0,0.3728611221647433,0.6037668456692562,469.34669507973166
161,STATE_B_DEFENSE,2.5,690.0,0.21050537206526065,0.624644862619073,458.36060492984205
163,STATE_B_DEFENSE,2.5,690.0,0.28133704735376047,0.5311636093153524,469.71334632991744
164,STATE_B_DEFENSE,2.5,690.0,0.22642260246717072,0.5943512137846866,458.52545904455195
165,STATE_B_DEFENSE,2.5,690.0,0.3489852765618782,0.6036356890190372,458.7460259046987
166,STATE_B_DEFENSE,2.5,690.0,0.38758456028651017,0.6060069412818675,458.8609996282504
167,STATE_B_DEFENSE,2.5,690.0,0.36609629924393156,0.620156287123212,458.6643953427494
169,STATE_B_DEFENSE,2.5,690.0,0.28133704735376047,0.619048601838305,458.3259663921418
168,STATE_B_DEFENSE,2.5,690.0,0.36291285316354954,0.6354227378637076,469.4844154587018
172,STATE_B_DEFENSE,2.5,690.0,0.2709908475925189,0.5501939817722847,458.73263920621673
170,STATE_B_DEFENSE,2.5,690.0,0.45443692797453245,0.5923032347996701,458.482137976559
171,STATE_B_DEFENSE,2.5,690.0,0.4612017508953442,0.6124871501081196,458.5097281827295
173,STATE_B_DEFENSE,2.5,690.0,0.2140867489056904,0.5954316489289727,458.45750330756925
174,STATE_B_DEFENSE,2.5,690.0,0.26064464783127733,0.604562423817088,458.48032012583667
175,STATE_B_DEFENSE,2.5,690.0,0.30521289295662557,0.6139454143989393,458.33569262458127
176,STATE_B_DEFENSE,2.5,690.0,0.3684838838042181,0.5912670676599497,458.6983746763365
177,STATE_B_DEFENSE,2.5,690.0,0.3804218066056506,0.5687983292075315,459.058172349086
178,STATE_B_DEFENSE,2.5,690.0,0.36888181456426583,0.6459090356824536,458.40437705447687
179,STATE_B_DEFENSE,2.5,690.0,0.17071229606048546,0.6539843448934927,458.83888388903097
180,STATE_B_DEFENSE,2.5,690.0,0.10107441305212893,0.5699790548280862,458.31497828558247
181,STATE_B_DEFENSE,2.5,690.0,0.4866693195384003,0.6038890297041268,469.21176613222156
182,STATE_B_DEFENSE,2.5,690.0,0.3131715081575806,0.6086593902523656,458.56902983404956
183,STATE_B_DEFENSE,2.5,690.0,0.34619976124154395,0.6282459881353188,469.7391764908541
184,STATE_B_DEFENSE,2.5,690.0,0.3334659769200159,0.5994023922656904,458.5975999300997
187,STATE_B_DEFENSE,2.5,690.0,0.46319140469558295,0.6438962673989058,458.36164528866584
185,STATE_B_DEFENSE,2.5,690.0,0.3458018304814962,0.5957977499570732,458.95585269956825
186,STATE_B_DEFENSE,2.5,690.0,0.4687624353362515,0.6197921864157827,458.72873383112153
188,STATE_B_DEFENSE,2.5,690.0,0.44090728213290886,0.586710247032714,458.50237147547205
189,STATE_B_DEFENSE,2.5,690.0,0.2586549940310386,0.6211961845528616,458.33155372886347
190,STATE_B_DEFENSE,2.5,690.0,0.4373259052924791,0.5911531378854953,469.5742414228493
191,STATE_B_DEFENSE,2.5,690.0,0.48229208117787503,0.6445771141509387,469.5795457332779
194,STATE_B_DEFENSE,2.5,690.0,0.48308794269797056,0.6164909190820724,458.3741775624875
192,STATE_B_DEFENSE,2.5,690.0,0.21130123358535616,0.617256216801814,469.6073155100974
193,STATE_B_DEFENSE,2.5,690.0,0.36012733784321527,0.6413803744221466,458.49627900336696
195,STATE_B_DEFENSE,2.5,690.0,0.26303223239156387,0.5902091148124599,458.85287127411067
197,STATE_B_DEFENSE,2.5,690.0,0.22522881018702745,0.6417394060178317,458.3256233130623
196,STATE_B_DEFENSE,2.5,690.0,0.4687624353362515,0.5944387973053746,469.52403762268085
198,STATE_B_DEFENSE,2.5,690.0,0.4432948666931954,0.6050104635604268,458.48890665017325
199,STATE_B_DEFENSE,2.5,690.0,0.4281734978113808,0.627216350265465,458.8115228408716
200,STATE_B_DEFENSE,6.8,690.0,0.4612017508953442,0.5885988472920877,448.8047073173529
201,STATE_B_DEFENSE,6.8,690.0,0.18066056506167927,0.620734305412067,459.68009829370465
202,STATE_B_DEFENSE,6.8,690.0,0.46478312773577396,0.6337610599890722,459.95674405508754
203,STATE_B_DEFENSE,6.8,690.0,0.2479108635097493,0.5851889106792476,449.4465126288038
205,STATE_B_DEFENSE,6.8,690.0,0.3955431754874652,0.6112500449829288,459.9282516001467
204,STATE_B_DEFENSE,6.8,690.0,0.47075208913649025,0.6303973386083407,448.9037035580416
206,STATE_B_DEFENSE,6.8,690.0,0.14922403501790688,0.5943807946119866,448.76798658300044
208,STATE_B_DEFENSE,6.8,690.0,0.39594110624751294,0.6155865030659163,449.0018088680813
207,STATE_B_DEFENSE,6.8,690.0,0.3394349383207322,0.6368488798571768,459.94178632550467
209,STATE_B_DEFENSE,6.8,690.0,0.4568245125348189,0.6416052005055672,460.0616700088714
210,STATE_B_DEFENSE,6.8,690.0,0.3203342618384401,0.6353424597124064,459.8086845344021
211,STATE_B_DEFENSE,6.8,690.0,0.2877039395145245,0.6040125735901549,459.83209537054256
212,STATE_B_DEFENSE,6.8,690.0,0.3947473139673697,0.6103996876457274,460.1031951671441
213,STATE_B_DEFENSE,6.8,690.0,0.31516116195781935,0.6465857378548876,449.0733642306059
216,STATE_B_DEFENSE,6.8,690.0,0.48547552725825704,0.6401653664430875,459.87487346746565
215,STATE_B_DEFENSE,6.8,690.0,0.34540389972144847,0.6127024972896475,459.85746385753544
214,STATE_B_DEFENSE,6.8,690.0,0.32272184639872664,0.6586352396837359,460.01556649754616
217,STATE_B_DEFENSE,6.8,690.0,0.28849980103462,0.615009836694571,449.2650996102416
220,STATE_B_DEFENSE,6.8,690.0,0.4850775964982093,0.6412656250236833,449.1390737293475
219,STATE_B_DEFENSE,6.8,690.0,0.34540389972144847,0.5932833553412896,449.0447614791079
218,STATE_B_DEFENSE,6.8,690.0,0.25507361719060884,0.6002982955729544,459.8259146949392
221,STATE_B_DEFENSE,6.8,690.0,0.23159570234779148,0.5917260847356269,459.5235128597284
222,STATE_B_DEFENSE,6.8,690.0,0.4588141663350577,0.6019174471151405,459.7746466358375
223,STATE_B_DEFENSE,6.8,690.0,0.2877039395145245,0.6047816004211974,459.88974568133403
224,STATE_B_DEFENSE,6.8,690.0,0.2439315559092718,0.6043704939777075,448.9696972266227
225,STATE_B_DEFENSE,6.8,690.0,0.21209709510545166,0.6162999706207443,459.89643375612815
226,STATE_B_DEFENSE,6.8,690.0,0.31356943891762834,0.6205988566093001,448.92468493770474
228,STATE_B_DEFENSE,6.8,690.0,0.38081973736569835,0.629264384087914,459.7099860832176
227,STATE_B_DEFENSE,6.8,690.0,0.4142459212097095,0.6208366588482824,460.14900331884206
229,STATE_B_DEFENSE,6.8,690.0,0.17031436530043773,0.5843911100892211,449.2618105678011
230,STATE_B_DEFENSE,6.8,690.0,0.17230401910067647,0.6015404232132208,449.2157089688959
231,STATE_B_DEFENSE,6.8,690.0,0.3708714683645046,0.5988553805559018,459.8471839677453
232,STATE_B_DEFENSE,6.8,690.0,0.46518105849582175,0.6235452549432198,459.54285576554116
234,STATE_B_DEFENSE,6.8,690.0,0.46000795861520094,0.5859314723480419,448.7910417040215
233,STATE_B_DEFENSE,6.8,690.0,0.3800238758456029,0.578861967746469,448.82543117632736
235,STATE_B_DEFENSE,6.8,690.0,0.41981695185037804,0.6297287558434961,459.6584958012821
236,STATE_B_DEFENSE,6.8,690.0,0.1770791882212495,0.6101436087956809,459.6542305517966
237,STATE_B_DEFENSE,6.8,690.0,0.4596100278551532,0.5849518597982213,448.76968488017263
238,STATE_B_DEFENSE,6.8,690.0,0.3740549144448866,0.6148600069857162,459.64707781659797
239,STATE_B_DEFENSE,6.8,690.0,0.2546756864305611,0.6544111361700362,459.788133573284
240,STATE_B_DEFENSE,6.8,690.0,0.3728611221647433,0.6551572475877565,449.00074217491135
241,STATE_B_DEFENSE,6.8,690.0,0.19299641862315958,0.6105483372279369,460.19800025500246
242,STATE_B_DEFENSE,6.8,690.0,0.3637087146836451,0.6256969989307953,449.00353517327335
243,STATE_B_DEFENSE,6.8,690.0,0.4297652208515718,0.6088433690081507,448.7995423911907
244,STATE_B_DEFENSE,6.8,690.0,0.4715479506565858,0.679411410064795,459.55825356745237
246,STATE_B_DEFENSE,6.8,690.0,0.44846796657381616,0.5821486424229488,459.8014971290871
245,STATE_B_DEFENSE,6.8,690.0,0.3458018304814962,0.6388359353571128,459.95134967127484
247,STATE_B_DEFENSE,6.8,690.0,0.3306804615996817,0.6013241512685793,460.09807181390175
248,STATE_B_DEFENSE,6.8,690.0,0.4536410664544369,0.6108672195560979,448.8980580225662
250,STATE_B_DEFENSE,7.4,690.0,0.45921209709510546,0.5878510433926117,460.03294036289475
249,STATE_B_DEFENSE,6.8,690.0,0.4011142061281337,0.6177555196133163,459.8885513612816
252,STATE_B_DEFENSE,7.4,690.0,0.4942300039793076,0.6255119081254426,449.0025552166508
251,STATE_B_DEFENSE,7.4,690.0,0.32988460007958614,0.6480158419391104,459.8892625646742
253,STATE_B_DEFENSE,7.4,690.0,0.4596100278551532,0.6437947167624483,459.62586547962127
254,STATE_B_DEFENSE,7.4,690.0,0.23915638678869877,0.622324146794908,460.214685998233
255,STATE_B_DEFENSE,7.4,690.0,0.47552725825706327,0.6330359932553169,448.7782217473584
256,STATE_B_DEFENSE,7.4,690.0,0.19339434938320732,0.5822284456217828,459.93850409276854
258,STATE_B_DEFENSE,7.4,690.0,0.41384799044966175,0.5786336435136277,448.89758936252605
257,STATE_B_DEFENSE,7.4,690.0,0.43613211301233584,0.5891451116514341,448.89076691614457
259,STATE_B_DEFENSE,7.4,690.0,0.31754874651810583,0.6191574199506493,448.7953469112799
260,STATE_B_DEFENSE,7.4,690.0,0.39434938320732194,0.62063200093144,448.7652538960334
261,STATE_B_DEFENSE,7.4,690.0,0.3366494230003979,0.6138062432061993,459.9894493161241
262,STATE_B_DEFENSE,7.4,690.0,0.25228810187027456,0.6133055262415843,448.81346656064983
263,STATE_B_DEFENSE,7.4,690.0,0.3939514524472742,0.6033938760678095,460.06577145653034
264,STATE_B_DEFENSE,7.4,690.0,0.46000795861520094,0.6233289469451843,459.90388714115755
265,STATE_B_DEFENSE,7.4,690.0,0.4369279745324314,0.6339592836283123,459.9384397479625
266,STATE_B_DEFENSE,7.4,690.0,0.47552725825706327,0.6045029013545482,448.9297415614726
271,STATE_B_DEFENSE,7.4,690.0,0.48905690409868685,0.6164690471392299,448.8120129611022
268,STATE_B_DEFENSE,7.4,690.0,0.3087942697970553,0.5610625760237797,459.9626943711685
270,STATE_B_DEFENSE,7.4,690.0,0.3139673696776761,0.595708044521892,459.7044505987267
267,STATE_B_DEFENSE,7.4,690.0,0.43533625149224037,0.5967119238641013,459.665827328168
269,STATE_B_DEFENSE,7.4,690.0,0.29446876243533626,0.6106563452083,459.9501331724866
272,STATE_B_DEFENSE,7.4,690.0,0.4241941902109033,0.5808349612045279,449.02787943399056
273,STATE_B_DEFENSE,7.4,690.0,0.4142459212097095,0.6050889365519296,459.71871575027046
274,STATE_B_DEFENSE,7.4,690.0,0.42459212097095106,0.6030855524284066,448.8472899685302
277,STATE_B_DEFENSE,7.4,690.0,0.411858336649423,0.5943591074214318,459.6935380829035
275,STATE_B_DEFENSE,7.4,690.0,0.39275766016713093,0.6078349519943509,459.89700519558113
276,STATE_B_DEFENSE,7.4,690.0,0.23358535614803025,0.6334788753887161,449.15174627813485
278,STATE_B_DEFENSE,7.4,690.0,0.4011142061281337,0.6435461209976607,448.7851895643487
279,STATE_B_DEFENSE,7.4,690.0,0.3040191006764823,0.6199340849760188,459.7653527806312
280,STATE_B_DEFENSE,7.4,690.0,0.31754874651810583,0.6294019544733113,448.7871671242203
281,STATE_B_DEFENSE,7.4,690.0,0.416633505769996,0.6043948398121932,459.8406992477405
282,STATE_B_DEFENSE,7.4,690.0,0.4655789892558695,0.6314978423793781,448.83882853119553
283,STATE_B_DEFENSE,7.4,690.0,0.17270194986072424,0.584288076326524,448.78260367533403
284,STATE_B_DEFENSE,7.4,690.0,0.29884600079586154,0.5850426867980356,448.907611236847
286,STATE_B_DEFENSE,7.4,690.0,0.3095901313171508,0.6022985755827179,448.89623937751514
288,STATE_B_DEFENSE,7.4,690.0,0.49184241941902107,0.6156314997005882,459.5137509758167
285,STATE_B_DEFENSE,7.4,690.0,0.35057699960206923,0.6365675074727977,459.6569479621743
287,STATE_B_DEFENSE,7.4,690.0,0.20891364902506965,0.6299167844156502,459.87168603726593
289,STATE_B_DEFENSE,7.4,690.0,0.18981297254277757,0.5967669631626162,449.0161752585784
290,STATE_B_DEFENSE,7.4,690.0,0.480700358137684,0.6115775687801156,448.8934598701076
291,STATE_B_DEFENSE,7.4,690.0,0.2992439315559093,0.6381302137221011,449.0857429447358
293,STATE_B_DEFENSE,7.4,690.0,0.32829287703939514,0.6163174913658873,459.686483513434
292,STATE_B_DEFENSE,7.4,690.0,0.35694389176283325,0.6165612512281536,448.89597455256455
295,STATE_B_DEFENSE,7.4,690.0,0.4556307202546757,0.6012963098889003,449.0871982718266
294,STATE_B_DEFENSE,7.4,690.0,0.2116991643454039,0.6071056053613169,448.80241643358227
296,STATE_B_DEFENSE,7.4,690.0,0.3820135296458416,0.6113214769972556,449.0365376457131
297,STATE_B_DEFENSE,7.4,690.0,0.352566653402308,0.5961063450385683,449.4059777133548
298,STATE_B_DEFENSE,7.4,690.0,0.39912455232789495,0.6092647146136155,449.1449003195886
300,STATE_C_STRESS,2.5,390.0,0.07361719060883407,0.5556472853720335,364.7556587979566
301,STATE_C_STRESS,2.5,390.0,0.08595304417031437,0.6083168239029983,364.3765818576767
299,STATE_B_DEFENSE,7.4,690.0,0.19339434938320732,0.5802041263009191,459.6452059869435
302,STATE_C_STRESS,2.5,390.0,0.08873855949064863,0.5932845832058474,363.8741277652156
304,STATE_C_STRESS,2.5,390.0,0.11221647433346597,0.5939818991015842,364.3177031860129
303,STATE_C_STRESS,2.5,390.0,0.09590131317150816,0.629633738877913,364.1486326182486
305,STATE_C_STRESS,2.5,390.0,0.035813768404297654,0.6003126579822471,364.39671815767656
307,STATE_C_STRESS,2.5,390.0,0.07680063668921608,0.5763650850722853,363.8990262522357
306,STATE_C_STRESS,2.5,390.0,0.09590131317150816,0.617524329782438,364.55388199453307
308,STATE_C_STRESS,2.5,390.0,0.0831675288499801,0.5981080236864902,364.44139184948847
311,STATE_C_STRESS,2.5,390.0,0.0477516912057302,0.6010487836261443,364.42251495875155
310,STATE_C_STRESS,2.5,390.0,0.03064066852367688,0.5742088010279791,364.028178462231
309,STATE_C_STRESS,2.5,390.0,0.10067648229208118,0.6135568297964444,364.64914683722543
312,STATE_C_STRESS,2.5,390.0,0.08913649025069638,0.6105594076647209,364.8576399670347
314,STATE_C_STRESS,2.5,390.0,0.04178272980501393,0.5954706604741514,364.2394987460706
313,STATE_C_STRESS,2.5,390.0,0.052924791086350974,0.5882348310801537,364.4229251318626
315,STATE_C_STRESS,2.5,390.0,0.06685236768802229,0.6300809055601786,364.072485651887
316,STATE_C_STRESS,2.5,390.0,0.07799442896935933,0.6353037342340553,363.9427209838839
317,STATE_C_STRESS,2.5,390.0,0.07998408276959809,0.6472298408707288,364.2290304093748
319,STATE_C_STRESS,2.5,390.0,0.05411858336649423,0.6037464606709104,364.1799362162558
318,STATE_C_STRESS,2.5,390.0,0.09192200557103064,0.5926908559820245,364.3727017676654
320,STATE_C_STRESS,2.5,390.0,0.058097890966971745,0.601647332819848,364.59989802616735
321,STATE_C_STRESS,2.5,390.0,0.03979307600477517,0.5656411017124577,364.24878006412064
322,STATE_C_STRESS,2.5,390.0,0.09948269001193792,0.583971988102342,363.78070482499476
323,STATE_C_STRESS,2.5,390.0,0.12335853561480302,0.5941617782297537,365.07510129054435
325,STATE_C_STRESS,2.5,390.0,0.08873855949064863,0.6140904410909793,364.22936329585383
324,STATE_C_STRESS,2.5,390.0,0.07998408276959809,0.6106160744808645,364.68005180731427
326,STATE_C_STRESS,2.5,390.0,0.04058893752487067,0.5857739731601223,364.3258146272505
328,STATE_C_STRESS,2.5,390.0,0.0815758058097891,0.6131951941517398,364.34321711241154
327,STATE_C_STRESS,2.5,390.0,0.10027855153203342,0.608112840874023,364.3994309269894
329,STATE_C_STRESS,2.5,390.0,0.07282132908873856,0.6487501512058166,364.4640382417007
333,STATE_C_STRESS,2.5,390.0,0.06167926780740151,0.5790239721993217,364.21357587978775
331,STATE_C_STRESS,2.5,390.0,0.11659371269399124,0.585393426406483,364.4026977172427
330,STATE_C_STRESS,2.5,390.0,0.09271786709112614,0.5826297713187654,364.65245944950675
332,STATE_C_STRESS,2.5,390.0,0.12574612017508954,0.6399334939178605,363.8645020621589
334,STATE_C_STRESS,2.5,390.0,0.04536410664544369,0.6131025581438495,364.7357694666682
335,STATE_C_STRESS,2.5,390.0,0.14405093513728612,0.6347392814721854,364.2555877948576
336,STATE_C_STRESS,2.5,390.0,0.06725029844807004,0.5933689294874547,364.09768150505437
337,STATE_C_STRESS,2.5,390.0,0.053322721846398725,0.5936496992241358,364.31675241556667
338,STATE_C_STRESS,2.5,390.0,0.05889375248706725,0.5747911814341881,364.364561789567
339,STATE_C_STRESS,2.5,390.0,0.1078392359729407,0.6109030371194543,364.7441038242834
340,STATE_C_STRESS,2.5,390.0,0.050537206526064464,0.576398460926587,364.1869326961663
342,STATE_C_STRESS,2.5,390.0,0.0708316752884998,0.5799908364904485,364.2674566173679
341,STATE_C_STRESS,2.5,390.0,0.07043374452845205,0.6359217583415074,364.10201380334564
345,STATE_C_STRESS,2.5,390.0,0.05013927576601671,0.5602160328060481,364.58852444939254
343,STATE_C_STRESS,2.5,390.0,0.050537206526064464,0.5518735925541319,364.74848129015106
344,STATE_C_STRESS,2.5,390.0,0.09271786709112614,0.5927751441374759,364.2988705595091
346,STATE_C_STRESS,2.5,390.0,0.1368881814564266,0.6079263688642038,364.5880467358541
349,STATE_C_STRESS,2.5,390.0,0.043772383605252686,0.6251022350778874,364.6529106613951
347,STATE_C_STRESS,2.5,390.0,0.0831675288499801,0.6188600112889947,364.468042543403
348,STATE_C_STRESS,2.5,390.0,0.0700358137684043,0.5700903254334063,364.18881948095117
350,STATE_C_STRESS,6.8,390.0,0.059291683247115,0.5889125302127198,343.98186563713926
351,STATE_C_STRESS,6.8,390.0,0.06884202148826105,0.5835294421541739,355.33104902963896
352,STATE_C_STRESS,6.8,390.0,0.14763231197771587,0.6503360954567076,344.27014875456024
353,STATE_C_STRESS,6.8,390.0,0.05133306804615997,0.5918133411665328,344.13910072730386
354,STATE_C_STRESS,6.8,390.0,0.10744130521289295,0.5838935985066653,344.04152342841667
355,STATE_C_STRESS,6.8,390.0,0.05133306804615997,0.5772680421409149,344.29541640863323
356,STATE_C_STRESS,6.8,390.0,0.09510545165141265,0.5928912578413854,343.7457649942308
357,STATE_C_STRESS,6.8,390.0,0.04974134500596896,0.5844083764057857,343.9928297756725
358,STATE_C_STRESS,6.8,390.0,0.06526064464783128,0.587214602897806,343.97442333634115
361,STATE_C_STRESS,6.8,390.0,0.06366892160764027,0.5867688254896655,343.8280578404434
359,STATE_C_STRESS,6.8,390.0,0.10067648229208118,0.5797352598818752,355.474554417396
362,STATE_C_STRESS,6.8,390.0,0.04934341424592121,0.5988852042157775,344.29522527230364
360,STATE_C_STRESS,6.8,390.0,0.0807799442896936,0.634787482718452,343.98242169431614
365,STATE_C_STRESS,6.8,390.0,0.08953442101074413,0.6163236704583955,343.9089405127167
363,STATE_C_STRESS,6.8,390.0,0.11221647433346597,0.6149755231619509,343.74048025369603
364,STATE_C_STRESS,6.8,390.0,0.045762037405491444,0.5929298675266214,355.47846482943913
366,STATE_C_STRESS,6.8,390.0,0.06605650616792678,0.6418549415313946,343.77193493664737
367,STATE_C_STRESS,6.8,390.0,0.06128133704735376,0.6437817767775138,354.9805826035752
368,STATE_C_STRESS,6.8,390.0,0.04894548348587346,0.6138221361630183,355.0555957506429
369,STATE_C_STRESS,6.8,390.0,0.033824114604058896,0.5708602488617046,344.06373278789556
370,STATE_C_STRESS,6.8,390.0,0.12375646637485077,0.6627685587911836,343.84469156108685
373,STATE_C_STRESS,6.8,390.0,0.07122960604854756,0.5968228700990141,355.3127251733796
371,STATE_C_STRESS,6.8,390.0,0.048547552725825706,0.6277221667283388,344.4754447896569
372,STATE_C_STRESS,6.8,390.0,0.07122960604854756,0.6015095895340515,344.6081658942314
374,STATE_C_STRESS,6.8,390.0,0.06128133704735376,0.601649651181431,343.75992168606155
375,STATE_C_STRESS,6.8,390.0,0.043374452845204935,0.5734635858080713,343.7433034346621
376,STATE_C_STRESS,6.8,390.0,0.07162753680859531,0.6019404688598818,343.9852927771174
377,STATE_C_STRESS,6.8,390.0,0.0815758058097891,0.607322902011801,355.491294840637
379,STATE_C_STRESS,6.8,390.0,0.07719856744926383,0.5858727866054799,355.36602970920626
378,STATE_C_STRESS,6.8,390.0,0.06884202148826105,0.5889911038744546,355.5609955020592
381,STATE_C_STRESS,6.8,390.0,0.033824114604058896,0.5833147687360606,344.11717913952
380,STATE_C_STRESS,6.8,390.0,0.04894548348587346,0.6360661195722096,344.065001313527
383,STATE_C_STRESS,6.8,390.0,0.05730202944687624,0.6007631570665467,343.9452495216821
382,STATE_C_STRESS,6.8,390.0,0.06884202148826105,0.6397245077507925,343.84371512576996
384,STATE_C_STRESS,6.8,390.0,0.060485475527258255,0.6174686853105984,343.7594984513907
385,STATE_C_STRESS,6.8,390.0,0.05411858336649423,0.613704152415717,344.0087728510237
386,STATE_C_STRESS,6.8,390.0,0.1070433744528452,0.6289170295643192,343.8879295495426
388,STATE_C_STRESS,6.8,390.0,0.13609231993633109,0.6190403835531944,343.8105281679663
387,STATE_C_STRESS,6.8,390.0,0.05610823716673299,0.6009685602230165,355.62309785212835
389,STATE_C_STRESS,6.8,390.0,0.04655789892558695,0.606388376626912,344.4181744181803
390,STATE_C_STRESS,6.8,390.0,0.07361719060883407,0.5908412631724347,344.1069902284712
391,STATE_C_STRESS,6.8,390.0,0.12375646637485077,0.6187443042112976,344.05377614357053
394,STATE_C_STRESS,6.8,390.0,0.05730202944687624,0.5823353707434572,343.9490332468717
392,STATE_C_STRESS,6.8,390.0,0.07202546756864306,0.6173775363600204,354.88023189854954
393,STATE_C_STRESS,6.8,390.0,0.07282132908873856,0.6038289184435915,343.75514427710823
395,STATE_C_STRESS,6.8,390.0,0.07122960604854756,0.5720526863825321,344.17057349440677
397,STATE_C_STRESS,6.8,390.0,0.043374452845204935,0.576763180620137,344.46016892561045
396,STATE_C_STRESS,6.8,390.0,0.04019100676482292,0.5881319778270454,344.28861368212074
398,STATE_C_STRESS,6.8,390.0,0.13131715081575807,0.6140515879156373,355.40313118479474
399,STATE_C_STRESS,6.8,390.0,0.06725029844807004,0.6094392813802165,343.7899510533466
400,STATE_C_STRESS,7.4,390.0,0.07600477516912058,0.6049782485360073,355.38730248796384
401,STATE_C_STRESS,7.4,390.0,0.10584958217270195,0.6200908475344944,343.7395370033928
402,STATE_C_STRESS,7.4,390.0,0.07122960604854756,0.5852438311239213,355.129164074769
403,STATE_C_STRESS,7.4,390.0,0.06406685236768803,0.5783245366374906,355.2722788162008
405,STATE_C_STRESS,7.4,390.0,0.09112614405093514,0.6542361971223151,354.670679212732
407,STATE_C_STRESS,7.4,390.0,0.06406685236768803,0.6152376876643311,344.2816979139877
404,STATE_C_STRESS,7.4,390.0,0.055312375646637484,0.6089299016651124,343.7525804886508
406,STATE_C_STRESS,7.4,390.0,0.0584958217270195,0.6071298394612165,344.14440743346273
408,STATE_C_STRESS,7.4,390.0,0.0684440907282133,0.5929313406455707,344.3475818890815
409,STATE_C_STRESS,7.4,390.0,0.08038201352964584,0.642571530476475,344.22296266158986
410,STATE_C_STRESS,7.4,390.0,0.05968961400716275,0.6229313389711537,343.9051327302632
411,STATE_C_STRESS,7.4,390.0,0.07122960604854756,0.6147967418493899,344.4871846551462
412,STATE_C_STRESS,7.4,390.0,0.06207719856744926,0.6135592282450841,343.862651444651
413,STATE_C_STRESS,7.4,390.0,0.05968961400716275,0.5798941265123156,343.76985269032673
417,STATE_C_STRESS,7.4,390.0,0.07481098288897732,0.6197980161499698,344.240165795589
414,STATE_C_STRESS,7.4,390.0,0.07202546756864306,0.6001441931268794,344.00189563268714
415,STATE_C_STRESS,7.4,390.0,0.052924791086350974,0.5868868617950442,344.05215072916735
416,STATE_C_STRESS,7.4,390.0,0.07680063668921608,0.6205779021234354,343.8823386520895
418,STATE_C_STRESS,7.4,390.0,0.09072821329088739,0.6279618456417033,344.202012507328
419,STATE_C_STRESS,7.4,390.0,0.05173099880620772,0.6031582748575954,344.10922821979506
420,STATE_C_STRESS,7.4,390.0,0.0354158376442499,0.6008837316765991,343.957780768357
422,STATE_C_STRESS,7.4,390.0,0.06207719856744926,0.5930430482316582,344.41256312732094
421,STATE_C_STRESS,7.4,390.0,0.06804615996816554,0.6235307332495231,343.87469045586664
424,STATE_C_STRESS,7.4,390.0,0.15439713489852766,0.6461605437727439,355.50096738143543
425,STATE_C_STRESS,7.4,390.0,0.07242339832869081,0.6075865681751783,344.0661351336454
423,STATE_C_STRESS,7.4,390.0,0.07043374452845205,0.6271593846116189,344.3334878292843
427,STATE_C_STRESS,7.4,390.0,0.09510545165141265,0.6200718072203624,355.34750276305255
426,STATE_C_STRESS,7.4,390.0,0.1193792280143255,0.604194943016612,343.90806696041
428,STATE_C_STRESS,7.4,390.0,0.07361719060883407,0.5987682156715253,344.02113560823756
429,STATE_C_STRESS,7.4,390.0,0.05730202944687624,0.6143970334025625,344.1036373511683
431,STATE_C_STRESS,7.4,390.0,0.07242339832869081,0.6024044075650075,344.3868642364429
432,STATE_C_STRESS,7.4,390.0,0.17309988062077197,0.5995918159088561,343.73863096720316
430,STATE_C_STRESS,7.4,390.0,0.05411858336649423,0.627264868612389,355.05214636646326
434,STATE_C_STRESS,7.4,390.0,0.06963788300835655,0.646702485767142,343.81248955107236
433,STATE_C_STRESS,7.4,390.0,0.10823716673298846,0.5960691219281369,344.70869262989135
435,STATE_C_STRESS,7.4,390.0,0.06605650616792678,0.6093452680630802,355.26541457322895
438,STATE_C_STRESS,7.4,390.0,0.0469558296856347,0.6076568871348111,343.79913751108785
436,STATE_C_STRESS,7.4,390.0,0.052924791086350974,0.6145048708130003,354.93799991448043
437,STATE_C_STRESS,7.4,390.0,0.0939116593712694,0.6065061849319232,355.1713988358412
440,STATE_C_STRESS,7.4,390.0,0.06685236768802229,0.6203233521392765,344.40481456131255
439,STATE_C_STRESS,7.4,390.0,0.060485475527258255,0.6317259947709866,343.73702936595174
443,STATE_C_STRESS,7.4,390.0,0.0931157978511739,0.5868761297782789,355.31426554943675
441,STATE_C_STRESS,7.4,390.0,0.046159968165539196,0.577261181313636,354.98075424468834
444,STATE_C_STRESS,7.4,390.0,0.024273776362912853,0.5695665208740885,344.09972569569607
442,STATE_C_STRESS,7.4,390.0,0.05650616792678074,0.6156960727276477,344.55199495146724
446,STATE_C_STRESS,7.4,390.0,0.06605650616792678,0.5646156841509218,344.03562818402554
445,STATE_C_STRESS,7.4,390.0,0.04974134500596896,0.6029541989927575,343.7533610517784
448,STATE_C_STRESS,7.4,390.0,0.08197373656983685,0.6216401884052597,343.8878085442054
447,STATE_C_STRESS,7.4,390.0,0.055312375646637484,0.5972560496093644,355.54212263960034
449,STATE_C_STRESS,7.4,390.0,0.0684440907282133,0.5975263146938397,355.5473988122912
