Replicate,Mission,Mode,pH,Radius_nm,N_particles,Delta_f,Ka_Input_mNm,K_Lo_mNm,K_Ld_mNm,K_Int_mNm,Anionic_Fraction,Percolation,Heterogeneity,Ruptured,Rupture_Strain,Rupture_Tension_mNm,f_crit_kJmolnm,Toughness,Strain_Curve,Tension_Curve,U_bond_kJmol,U_bond_per_N,U_LJ_kJmol,U_dh_kJmol
14,STATE_A_RIPENING,SEEDED,6.8,20.0,2513,0.0625,120.0,300.0,60.0,100.0,0.04934341424592121,0.020692399522483088,0.47920732090251383,True,0.3277753283725276,20.32322304996999,2.75,5.36540997988004,"[np.float64(-0.007948359157896965), np.float64(-0.01299556269998908), np.float64(-0.019525784047163205), np.float64(-0.02405301796844365), np.float64(-0.03136239926371659), np.float64(-0.03542722147225394), np.float64(-0.034590699555653866), np.float64(-0.03471632295423412), np.float64(-0.03444857564411), np.float64(-0.035023877981587154), np.float64(-0.03143186864842193), np.float64(-0.028193288529557898), np.float64(-0.024036896311479202), np.float64(-0.018902304522282847), np.float64(-0.011992341263753177), np.float64(-0.006906126369238934), np.float64(0.0008196985007560113), np.float64(0.006381696930717729), np.float64(0.013323609456445503), np.float64(0.0220600500297853), np.float64(0.03077229711175455), np.float64(0.03843337653515769), np.float64(0.05026538243566308), np.float64(0.060992030953708906), np.float64(0.07212044832266731), np.float64(0.08142094106888555), np.float64(0.09304312389121881), np.float64(0.10323820134912216), np.float64(0.11521982352759945), np.float64(0.12810199734885477), np.float64(0.1403262609654041), np.float64(0.15370640622297474), np.float64(0.16797225705704247), np.float64(0.18190334684780934), np.float64(0.19445004759150677), np.float64(0.21068287053872986), np.float64(0.2261631549929778), np.float64(0.23895613541176258), np.float64(0.2521696044557611), np.float64(0.26559301413179603), np.float64(0.2808232445487034), np.float64(0.29831975998760873), np.float64(0.31065299593876666), np.float64(0.3277753283725276)]","[np.float64(0.5343613822649531), np.float64(1.0714518216889481), np.float64(1.6125209679113635), np.float64(2.155008974426695), np.float64(2.7039057356796956), np.float64(3.2515164397550875), np.float64(3.791791994425421), np.float64(4.333758538303455), np.float64(4.874802323900347), np.float64(5.418061382736296), np.float64(5.948805942497062), np.float64(6.478784037484339), np.float64(7.003721319929711), np.float64(7.522706401326903), np.float64(8.03180781207219), np.float64(8.545294523139383), np.float64(9.044263431158761), np.float64(9.549779515669396), np.float64(10.045735165612037), np.float64(10.52916650687393), np.float64(11.008803760954857), np.float64(11.490411075473855), np.float64(11.944844900833527), np.float64(12.40101935170447), np.float64(12.850511763125171), np.float64(13.306938963728486), np.float64(13.745081534213924), np.float64(14.188144079314158), np.float64(14.615711506761455), np.float64(15.03312522479863), np.float64(15.45074181130227), np.float64(15.856397727222552), np.float64(16.251740564347894), np.float64(16.64524302251323), np.float64(17.044577984838416), np.float64(17.413637774435287), np.float64(17.78401424718252), np.float64(18.17012168390099), np.float64(18.54962920670491), np.float64(18.924096820508083), np.float64(19.281528599260135), np.float64(19.61826792658114), np.float64(19.990644580118573), np.float64(20.32322304996999)]",14779.975954951298,5.881407065241265,-652.9884570795111,201.17069935798645
13,STATE_A_RIPENING,SEEDED,6.8,20.0,2513,0.0625,120.0,300.0,60.0,100.0,0.0584958217270195,0.01631516116195782,0.45567682122652603,True,0.3259262147599176,20.32598231184062,2.75,5.234263415525261,"[np.float64(-0.0066671388164240295), np.float64(-0.015681483382068383), np.float64(-0.020914983643408727), np.float64(-0.025230789626938997), np.float64(-0.02574581898126955), np.float64(-0.02903846586452777), np.float64(-0.028740058368424762), np.float64(-0.027501015200955943), np.float64(-0.027475189462580624), np.float64(-0.02793497767760535), np.float64(-0.025155291131079668), np.float64(-0.019998278732144676), np.float64(-0.017268505305389398), np.float64(-0.013210039350538695), np.float64(-0.010093713415979503), np.float64(-0.0035351569172158964), np.float64(0.006631645469763699), np.float64(0.010066561377667638), np.float64(0.016813432967632498), np.float64(0.025313532174822986), np.float64(0.03432565226350925), np.float64(0.045584256221160004), np.float64(0.05458953867507013), np.float64(0.06638099602645033), np.float64(0.07661797521655488), np.float64(0.09065938265427632), np.float64(0.0994888705508314), np.float64(0.11113398381106736), np.float64(0.12309939801413358), np.float64(0.1353386920329047), np.float64(0.14689124220188446), np.float64(0.15854241035787345), np.float64(0.17256000559085244), np.float64(0.18483386246438518), np.float64(0.20070522648168954), np.float64(0.21083577190607383), np.float64(0.22255282660644746), np.float64(0.2374830767696343), np.float64(0.25402451491262856), np.float64(0.26772439570908163), np.float64(0.2835528202411527), np.float64(0.2971217030750782), np.float64(0.31202969276367337), np.float64(0.3259262147599176)]","[np.float64(0.5337171323489568), np.float64(1.0723108826002143), np.float64(1.6127594596826034), np.float64(2.155101033969575), np.float64(2.6945882432449513), np.float64(3.2389838546438727), np.float64(3.7782339556920537), np.float64(4.315230056199222), np.float64(4.854569354542063), np.float64(5.395241475673888), np.float64(5.926298343990744), np.float64(6.448019945228967), np.float64(6.975646441133929), np.float64(7.496770567553797), np.float64(8.019601035707488), np.float64(8.526043374127445), np.float64(9.013058235452554), np.float64(9.526997550096162), np.float64(10.022856415561371), np.float64(10.506551566681658), np.float64(10.983713399528602), np.float64(11.444628731653), np.float64(11.91364491730398), np.float64(12.362707346455654), np.float64(12.816449799400836), np.float64(13.24302879682816), np.float64(13.697045256395109), np.float64(14.129713675879177), np.float64(14.55618096041012), np.float64(14.976732769216285), np.float64(15.397815835981444), np.float64(15.814394030294151), np.float64(16.210818628247765), np.float64(16.615320902702685), np.float64(16.990587227779482), np.float64(17.40277177193133), np.float64(17.80026436486005), np.float64(18.17073554550245), np.float64(18.525508563509828), np.float64(18.897576529323796), np.float64(19.250212565054582), np.float64(19.616317077758758), np.float64(19.968947219051213), np.float64(20.32598231184062)]",14869.703388706752,5.917112371152706,-893.6322866864502,239.88797879219055
11,STATE_A_RIPENING,SEEDED,6.8,20.0,2513,0.0625,120.0,300.0,60.0,100.0,0.0477516912057302,0.010744130521289296,0.42686346258172464,True,0.32331848749542763,20.374977998054046,2.75,5.188821818685303,"[np.float64(-0.007377237560545156), np.float64(-0.0165585086964103), np.float64(-0.018926993316591995), np.float64(-0.02192658184194407), np.float64(-0.025447644177638867), np.float64(-0.02938773272636799), np.float64(-0.032288308711344776), np.float64(-0.030917340803793915), np.float64(-0.028735835474645394), np.float64(-0.02614476537443836), np.float64(-0.027464386375673906), np.float64(-0.019961161598023584), np.float64(-0.015025721662124812), np.float64(-0.010328926871904098), np.float64(-0.003800035574998169), np.float64(0.002800320728736316), np.float64(0.008058156162735074), np.float64(0.015472141713184341), np.float64(0.019894712229254277), np.float64(0.026672890516176228), np.float64(0.03639550574558136), np.float64(0.0453067560957551), np.float64(0.054698290510925), np.float64(0.06683171840979286), np.float64(0.07710373977627773), np.float64(0.08590825569150469), np.float64(0.09723809449190189), np.float64(0.10884754271471604), np.float64(0.11905372655229124), np.float64(0.13159558028742588), np.float64(0.14509551089679326), np.float64(0.15938313164294354), np.float64(0.1726812297120519), np.float64(0.18617223814870656), np.float64(0.20030904477934772), np.float64(0.21312700247382585), np.float64(0.22205851008017813), np.float64(0.23555643375580237), np.float64(0.24931611329846992), np.float64(0.2654001242035786), np.float64(0.28236526344075713), np.float64(0.29739504441060477), np.float64(0.3094765265763676), np.float64(0.32331848749542763)]","[np.float64(0.5346684365683053), np.float64(1.074316866166826), np.float64(1.6134193205573226), np.float64(2.1545219612887365), np.float64(2.698013251408502), np.float64(3.2441806104314987), np.float64(3.7905454462737462), np.float64(4.3289865622164285), np.float64(4.864637559228069), np.float64(5.397957493878556), np.float64(5.941780307967896), np.float64(6.457081447608567), np.float64(6.977624102034804), np.float64(7.496512323947598), np.float64(8.005614253329252), np.float64(8.511172887918033), np.float64(9.019506779767434), np.float64(9.515139509357866), np.float64(10.02195833242339), np.float64(10.514548056481502), np.float64(10.988368015490693), np.float64(11.462450257870604), np.float64(11.929998164783923), np.float64(12.377699757005526), np.float64(12.831809505287621), np.float64(13.290870988168821), np.float64(13.730614921452883), np.float64(14.164419287905524), np.float64(14.603238927778524), np.float64(15.022848768821994), np.float64(15.431832461645575), np.float64(15.831175067905692), np.float64(16.233068260960327), np.float64(16.62959610264133), np.float64(17.017594341133936), np.float64(17.411092702472256), np.float64(17.82922173314021), np.float64(18.21079750511835), np.float64(18.586820217549842), np.float64(18.941864119126965), np.float64(19.2865543705478), np.float64(19.642186708938333), np.float64(20.016874145685033), np.float64(20.374977998054046)]",14021.37024986638,5.579534520440263,-524.2212470183149,114.74519777297974
7,STATE_A_RIPENING,SEEDED,6.8,20.0,2513,0.0625,120.0,300.0,60.0,100.0,0.045762037405491444,0.021886191802626343,0.46552890987678425,True,0.3244445439268064,20.33118737541756,2.75,5.29438256598935,"[np.float64(-0.01024134732299571), np.float64(-0.016224568567680387), np.float64(-0.01968405997683305), np.float64(-0.022145088122727162), np.float64(-0.02317608794174572), np.float64(-0.02573415284934293), np.float64(-0.026684788783480295), np.float64(-0.026466716265022183), np.float64(-0.024662510717309946), np.float64(-0.024972306225042602), np.float64(-0.023828291916958688), np.float64(-0.02307777849245127), np.float64(-0.019025289696336087), np.float64(-0.014195078313141962), np.float64(-0.009169980925408229), np.float64(-0.005404456842450554), np.float64(0.001182200011256083), np.float64(0.0075603987686921025), np.float64(0.01357281678692736), np.float64(0.020489303012835035), np.float64(0.0292394594040755), np.float64(0.03572289997487935), np.float64(0.04631858434282535), np.float64(0.05713650978776368), np.float64(0.06987852571960941), np.float64(0.08203625039187355), np.float64(0.09132683198313404), np.float64(0.1013800778577462), np.float64(0.11219551086363425), np.float64(0.1215758233381998), np.float64(0.13625074287556), np.float64(0.14791533881952315), np.float64(0.16334674835037336), np.float64(0.1790620463380341), np.float64(0.1928957520270424), np.float64(0.20411008472924083), np.float64(0.2212463076807834), np.float64(0.23230297990754978), np.float64(0.24711483845545132), np.float64(0.2607539747535633), np.float64(0.2758877667162463), np.float64(0.2933068455439358), np.float64(0.30990925631388855), np.float64(0.3244445439268064)]","[np.float64(0.5345179598767121), np.float64(1.0722818752364967), np.float64(1.611258339777955), np.float64(2.1510461901076026), np.float64(2.690226329647593), np.float64(3.2325069460748415), np.float64(3.7730993461731988), np.float64(4.311630552364499), np.float64(4.846095923952697), np.float64(5.38540637526153), np.float64(5.92047474103807), np.float64(6.456218316173884), np.float64(6.97977466917285), np.float64(7.498242820533037), np.float64(8.013433491965124), np.float64(8.53146638544928), np.float64(9.034816102945411), np.float64(9.535948918525504), np.float64(10.035824992560796), np.float64(10.528165977616208), np.float64(11.007483330263263), np.float64(11.495499508334447), np.float64(11.957016323664202), np.float64(12.41288298547621), np.float64(12.85285858202432), np.float64(13.291665349406955), np.float64(13.744004962522466), np.float64(14.187843155950926), np.float64(14.622929450320962), np.float64(15.063777451234895), np.float64(15.465058225922553), np.float64(15.88261484993052), np.float64(16.269953265130017), np.float64(16.65089349284594), np.float64(17.04094811105404), np.float64(17.44601974281389), np.float64(17.804387914437207), np.float64(18.203370267523812), np.float64(18.57113039873498), np.float64(18.94400388148953), np.float64(19.302100642085836), np.float64(19.6392752956685), np.float64(19.97904871233246), np.float64(20.33118737541756)]",14644.983481125828,5.827689407531169,-437.1737409606576,154.1768217086792
6,STATE_A_RIPENING,SEEDED,6.8,20.0,2513,0.0625,120.0,300.0,60.0,100.0,0.05212892956625547,0.01193792280143255,0.45944078359109475,True,0.32626327201746874,20.292206564347882,2.75,5.263225945686058,"[np.float64(-0.007263642125718165), np.float64(-0.01574719459841635), np.float64(-0.020120494543679222), np.float64(-0.02473666711577221), np.float64(-0.028860572994669355), np.float64(-0.03132122926974984), np.float64(-0.03192090117010047), np.float64(-0.033834184185360446), np.float64(-0.03466157761776796), np.float64(-0.03341638790879792), np.float64(-0.031502638568493994), np.float64(-0.03170648004946134), np.float64(-0.025479861928043253), np.float64(-0.019982001998892735), np.float64(-0.01568058398422679), np.float64(-0.010201195538550561), np.float64(-0.003281723488090186), np.float64(0.0068898354490478965), np.float64(0.01703590653009172), np.float64(0.026068592143006223), np.float64(0.03670407972339433), np.float64(0.049491713495691654), np.float64(0.058044685992993485), np.float64(0.06734690063547111), np.float64(0.07910238745292061), np.float64(0.08985807140339121), np.float64(0.09929605493237133), np.float64(0.11014867566648995), np.float64(0.1216493984756338), np.float64(0.13380553524461605), np.float64(0.14661045995355312), np.float64(0.1583018765472093), np.float64(0.17227540335406108), np.float64(0.18563164292226114), np.float64(0.20034546999559003), np.float64(0.2156589079013504), np.float64(0.22743311162159682), np.float64(0.2441778238165687), np.float64(0.2564078431617625), np.float64(0.2716963374482999), np.float64(0.2857512103726746), np.float64(0.2969785493751), np.float64(0.3103189656545467), np.float64(0.32626327201746874)]","[np.float64(0.533058049308068), np.float64(1.0707008182056517), np.float64(1.6096312206791255), np.float64(2.1512481642588406), np.float64(2.6947636517606224), np.float64(3.2378209511318774), np.float64(3.7786275591395695), np.float64(4.322705242486448), np.float64(4.865127013384945), np.float64(5.402213647577097), np.float64(5.936560987777569), np.float64(6.4769299920559815), np.float64(6.9942219986436776), np.float64(7.511081587678769), np.float64(8.029984421215856), np.float64(8.541575612788792), np.float64(9.043867271977442), np.float64(9.52736922643164), np.float64(10.00637852496725), np.float64(10.486565363129765), np.float64(10.954267964506785), np.float64(11.405770886562028), np.float64(11.875921012715752), np.float64(12.338146271717614), np.float64(12.782039388933915), np.float64(13.227563195463757), np.float64(13.677222089298319), np.float64(14.114286485548565), np.float64(14.543231040088843), np.float64(14.963853160176596), np.float64(15.376065265204526), np.float64(15.791761194443575), np.float64(16.187902615634737), np.float64(16.58423701291651), np.float64(16.96705177118649), np.float64(17.341557567078826), np.float64(17.737576283799218), np.float64(18.093968839315924), np.float64(18.47952301271684), np.float64(18.839082614813343), np.float64(19.20422808491496), np.float64(19.587290448005856), np.float64(19.951309766868018), np.float64(20.292206564347882)]",14462.532437544975,5.755086525087535,-456.63976910850033,170.67821216583252
1,STATE_A_RIPENING,SEEDED,6.8,20.0,2513,0.0625,120.0,300.0,60.0,100.0,0.05252686032630322,0.024671707122960605,0.4725585633405748,True,0.33176377759711756,20.747375553563803,2.8125,5.497678255907092,"[np.float64(-0.007843858557774544), np.float64(-0.017149384101814037), np.float64(-0.02174004546041373), np.float64(-0.025777364735110036), np.float64(-0.02592103835575288), np.float64(-0.031192476544124353), np.float64(-0.033337418986787964), np.float64(-0.03558181930610199), np.float64(-0.03325344744317831), np.float64(-0.030496287571395123), np.float64(-0.02948329328287237), np.float64(-0.03053596895443867), np.float64(-0.025654748618005523), np.float64(-0.02143114559998939), np.float64(-0.014872071383216695), np.float64(-0.00973733982928053), np.float64(-0.0034442253988438737), np.float64(0.0019108888394241412), np.float64(0.008488462350924774), np.float64(0.014760425590998615), np.float64(0.02405738473058473), np.float64(0.03311155289474105), np.float64(0.044026394521914605), np.float64(0.05520104943625356), np.float64(0.06989632976221366), np.float64(0.08296966559028157), np.float64(0.0957212200594388), np.float64(0.10537041823592738), np.float64(0.11720894853219666), np.float64(0.1279742866251067), np.float64(0.14050774719341563), np.float64(0.1530639795508458), np.float64(0.16449169887176504), np.float64(0.17810124104284072), np.float64(0.1905620806474682), np.float64(0.20600759917042546), np.float64(0.2180658455027958), np.float64(0.23252973907057684), np.float64(0.2498182775185109), np.float64(0.26628856087160757), np.float64(0.27862248400234374), np.float64(0.29007617563803634), np.float64(0.3016523683833466), np.float64(0.315932059463663), np.float64(0.33176377759711756)]","[np.float64(0.5341635398012183), np.float64(1.073372569022277), np.float64(1.6138321778118125), np.float64(2.1562302630391943), np.float64(2.695486594760532), np.float64(3.243371922400781), np.float64(3.788129697756701), np.float64(4.334325732995499), np.float64(4.87024094035623), np.float64(5.403678666761166), np.float64(5.9409436207444175), np.float64(6.48454710637708), np.float64(7.0073073972564535), np.float64(7.53002806548427), np.float64(8.040983981997009), np.float64(8.5547837276142), np.float64(9.060712913090285), np.float64(9.568022998285771), np.float64(10.066590161965324), np.float64(10.563613147443485), np.float64(11.041330291354567), np.float64(11.516309433471704), np.float64(11.97667736818243), np.float64(12.43105214495217), np.float64(12.859776287949417), np.float64(13.293197453187407), np.float64(13.723913803063416), np.float64(14.16995157688879), np.float64(14.598056789529025), np.float64(15.029201551631818), np.float64(15.444605787406065), np.float64(15.855777006007646), np.float64(16.270840774070354), np.float64(16.66678618694324), np.float64(17.06696410118854), np.float64(17.441817272002293), np.float64(17.837360715312276), np.float64(18.211643778285065), np.float64(18.561173271744284), np.float64(18.91289028651327), np.float64(19.291986170586146), np.float64(19.674597963325603), np.float64(20.053270073588244), np.float64(20.407988290921047), np.float64(20.747375553563803)]",14877.596676467065,5.920253353150444,-750.3425205885433,246.27628684043884
9,STATE_A_RIPENING,SEEDED,6.8,20.0,2513,0.0625,120.0,300.0,60.0,100.0,0.05690409868682849,0.02148826104257859,0.4661726800281642,True,0.33588662939043834,20.692134927926947,2.8125,5.424792759376815,"[np.float64(-0.007703766879831082), np.float64(-0.014762827340283105), np.float64(-0.0210024737482098), np.float64(-0.02737667517935325), np.float64(-0.03353579059319989), np.float64(-0.0338378657250658), np.float64(-0.032286885979485445), np.float64(-0.03069459249859895), np.float64(-0.028895318981538663), np.float64(-0.027417605319182515), np.float64(-0.025151712222273286), np.float64(-0.02114450465841491), np.float64(-0.015583657689659799), np.float64(-0.011533197189075951), np.float64(-0.005273266519364003), np.float64(0.0023310057516853317), np.float64(0.007348134372690806), np.float64(0.015982770335152306), np.float64(0.023596586808487433), np.float64(0.03268247536159428), np.float64(0.03862078528958276), np.float64(0.04759505058231022), np.float64(0.0566835685529437), np.float64(0.06613731389817404), np.float64(0.07857940292075122), np.float64(0.08748753539451182), np.float64(0.09764688267826817), np.float64(0.1087953698582352), np.float64(0.12205858161046752), np.float64(0.13506389670260635), np.float64(0.14814258332127625), np.float64(0.1607187072491233), np.float64(0.17342483241996698), np.float64(0.18719178097563716), np.float64(0.1966022926836491), np.float64(0.21101508223128576), np.float64(0.22573806896789225), np.float64(0.24015355740099625), np.float64(0.2540090656680121), np.float64(0.2699308944873684), np.float64(0.28555753871214035), np.float64(0.29663580363831704), np.float64(0.3095532124479992), np.float64(0.3217978076918815), np.float64(0.33588662939043834)]","[np.float64(0.5335276333980279), np.float64(1.070871080824725), np.float64(1.611417393068284), np.float64(2.155585435724174), np.float64(2.7030539010099233), np.float64(3.244171715086644), np.float64(3.781832730776021), np.float64(4.318543103466219), np.float64(4.85385809212872), np.float64(5.389076982640333), np.float64(5.921091303695343), np.float64(6.446137185273239), np.float64(6.963563405536113), np.float64(7.483841499044395), np.float64(7.993131420811112), np.float64(8.493603624220588), np.float64(9.001952512483442), np.float64(9.490889631425876), np.float64(9.980832698137457), np.float64(10.459819292189207), np.float64(10.951368164372282), np.float64(11.4236148231391), np.float64(11.89139891350725), np.float64(12.353279263589712), np.float64(12.79356372943579), np.float64(13.250699144737746), np.float64(13.696513485331577), np.float64(14.132204684088308), np.float64(14.550161758732807), np.float64(14.965412397977875), np.float64(15.37592921180676), np.float64(15.785708388537842), np.float64(16.190635364761786), np.float64(16.584258779736565), np.float64(17.004768288196935), np.float64(17.38622574364841), np.float64(17.761534191441573), np.float64(18.135246138476194), np.float64(18.509379435173972), np.float64(18.86459719619961), np.float64(19.218331770040187), np.float64(19.60278944275851), np.float64(19.97029452192759), np.float64(20.33985030474116), np.float64(20.692134927926947)]",14754.663956978253,5.871334642649524,-331.4581973981112,390.6592001914978
3,STATE_A_RIPENING,SEEDED,6.8,20.0,2513,0.0625,120.0,300.0,60.0,100.0,0.052924791086350974,0.021886191802626343,0.4632914387896933,True,0.32338629919394074,20.781846113484225,2.8125,5.411084170412209,"[np.float64(-0.008166470645827165), np.float64(-0.015460453467209027), np.float64(-0.02471847725877558), np.float64(-0.030273058244443662), np.float64(-0.034032696871314015), np.float64(-0.035810129062889176), np.float64(-0.03658585544400864), np.float64(-0.03769425999776185), np.float64(-0.03429529587245327), np.float64(-0.03227071237429057), np.float64(-0.033505067875993166), np.float64(-0.031133210380182616), np.float64(-0.025243713758818606), np.float64(-0.02199379258504785), np.float64(-0.015360853038545218), np.float64(-0.010073855281016437), np.float64(-0.0058026425290573025), np.float64(0.0010251751363860558), np.float64(0.007003670171920358), np.float64(0.015436388186188612), np.float64(0.027189211853094964), np.float64(0.03753007890498784), np.float64(0.04671991651948735), np.float64(0.05566282588531133), np.float64(0.06511183992495075), np.float64(0.07685394400277655), np.float64(0.08811846584493457), np.float64(0.09824447825485659), np.float64(0.11063422836773143), np.float64(0.12268487899273982), np.float64(0.13555092020044152), np.float64(0.14787301614501158), np.float64(0.15990629033081066), np.float64(0.1726691304083321), np.float64(0.18768732585928505), np.float64(0.19659847284647308), np.float64(0.2097073893270235), np.float64(0.2245366862977469), np.float64(0.23852184675255939), np.float64(0.25152980754123794), np.float64(0.26386218645238374), np.float64(0.2748549595587832), np.float64(0.2913008125728592), np.float64(0.3048136990341995), np.float64(0.32338629919394074)]","[np.float64(0.5334522301187247), np.float64(1.0708492599813018), np.float64(1.6138797949738806), np.float64(2.157993779040731), np.float64(2.7027365768267564), np.float64(3.2462719255035326), np.float64(3.7888416846718793), np.float64(4.332597818952166), np.float64(4.865587240176573), np.float64(5.400549928058644), np.float64(5.944397221448369), np.float64(6.476854473832162), np.float64(6.9953630367238135), np.float64(7.520940587863159), np.float64(8.030963236033877), np.float64(8.543454549027103), np.float64(9.057900528278305), np.float64(9.557953935120109), np.float64(10.058958170330465), np.float64(10.544319634977832), np.float64(11.008014624824813), np.float64(11.47459221950635), np.float64(11.943387415414318), np.float64(12.409764938906102), np.float64(12.869371279418685), np.float64(13.310975202651923), np.float64(13.751200102233174), np.float64(14.194609358161673), np.float64(14.619327625215114), np.float64(15.042057551055574), np.float64(15.455153220588636), np.float64(15.867846216888035), np.float64(16.27861365102134), np.float64(16.68038608167816), np.float64(17.0620775376415), np.float64(17.48409697230245), np.float64(17.872137014000145), np.float64(18.24368748336412), np.float64(18.61777164111818), np.float64(18.99565706142083), np.float64(19.37532180527922), np.float64(19.762133528029906), np.float64(20.103407284977163), np.float64(20.46413304119039), np.float64(20.781846113484225)]",14883.614544670976,5.922648048018694,-602.2671761387028,206.93130922317505
12,STATE_A_RIPENING,SEEDED,6.8,20.0,2513,0.0625,120.0,300.0,60.0,100.0,0.05252686032630322,0.01193792280143255,0.4470704753192309,True,0.3324983090174659,20.711566703801523,2.8125,5.480998204425077,"[np.float64(-0.008669893061421302), np.float64(-0.01568659353507685), np.float64(-0.022501801197309778), np.float64(-0.027256960864125393), np.float64(-0.028497388392321115), np.float64(-0.03185650960926174), np.float64(-0.03649602513450292), np.float64(-0.038046815316718725), np.float64(-0.03770633138259933), np.float64(-0.03470632232568664), np.float64(-0.03484008614744171), np.float64(-0.029169502099558927), np.float64(-0.027786915705000154), np.float64(-0.022088827027628502), np.float64(-0.017095794578688504), np.float64(-0.009953942357807275), np.float64(-0.004300813624486918), np.float64(0.00640324229309367), np.float64(0.014458167493068325), np.float64(0.02179777664619341), np.float64(0.03177017151330047), np.float64(0.04208416867064434), np.float64(0.051631617734596534), np.float64(0.06374647171873914), np.float64(0.0730724814858685), np.float64(0.0835302920573425), np.float64(0.09414295839396254), np.float64(0.1075707223204362), np.float64(0.11910592897707674), np.float64(0.1313794772987062), np.float64(0.1417675878233922), np.float64(0.15533425972087095), np.float64(0.16745919060575476), np.float64(0.18057424064390795), np.float64(0.19407443314635908), np.float64(0.2083468684314352), np.float64(0.22336472401215407), np.float64(0.2347202293079366), np.float64(0.24801605276772867), np.float64(0.25868584784579773), np.float64(0.275142077412198), np.float64(0.2908708870786093), np.float64(0.3045314877151805), np.float64(0.3203518357646272), np.float64(0.3324983090174659)]","[np.float64(0.5336108153367861), np.float64(1.071018732575017), np.float64(1.6121188021555308), np.float64(2.154739121760006), np.float64(2.6951428535112605), np.float64(3.239777290863513), np.float64(3.788829446863113), np.float64(4.333579717808968), np.float64(4.874414607799027), np.float64(5.407593539416789), np.float64(5.948765077307494), np.float64(6.470581503741029), np.float64(7.0048105320305165), np.float64(7.521632372073998), np.float64(8.038396676323528), np.float64(8.543307822823897), np.float64(9.051459585172818), np.float64(9.532795199858796), np.float64(10.022366978608309), np.float64(10.511901684169816), np.float64(10.984026752197448), np.float64(11.449988569510909), np.float64(11.915980667837449), np.float64(12.363059141116285), np.float64(12.82210270310189), np.float64(13.27047874371548), np.float64(13.713884917451674), np.float64(14.135333818721024), np.float64(14.564519822956912), np.float64(14.984797479611917), np.float64(15.413689641165876), np.float64(15.817211569696902), np.float64(16.22657483558822), np.float64(16.62516778255649), np.float64(17.01712213731477), np.float64(17.399647969112646), np.float64(17.772868138545185), np.float64(18.16908623576391), np.float64(18.54762440102554), np.float64(18.942403702571223), np.float64(19.290271477237205), np.float64(19.640007921747237), np.float64(20.002070047575717), np.float64(20.344246582005013), np.float64(20.711566703801523)]",14667.20549874432,5.836532231891891,-329.02171405404806,162.11484217643738
4,STATE_A_RIPENING,SEEDED,6.8,20.0,2513,0.0625,120.0,300.0,60.0,100.0,0.046159968165539196,0.010744130521289296,0.45604718257286925,True,0.32935241438746554,20.723631193252533,2.8125,5.395098275952491,"[np.float64(-0.008748634736287316), np.float64(-0.017490158981341375), np.float64(-0.022827185533107745), np.float64(-0.026961693850643138), np.float64(-0.030026986632450545), np.float64(-0.033109466848857266), np.float64(-0.03146022720845003), np.float64(-0.033563154419943717), np.float64(-0.03204949455308305), np.float64(-0.031482059027372736), np.float64(-0.029320814163166137), np.float64(-0.027257898594948055), np.float64(-0.02362910361688223), np.float64(-0.020441383729921582), np.float64(-0.016563907351383945), np.float64(-0.0099172193699939), np.float64(-0.0011786822039494985), np.float64(0.004832364024562868), np.float64(0.012966060035749296), np.float64(0.024079125122557835), np.float64(0.033662626275456825), np.float64(0.045617803830762416), np.float64(0.05691366402237097), np.float64(0.06502987008679352), np.float64(0.07515993170058102), np.float64(0.08607808667669059), np.float64(0.09784701706955848), np.float64(0.10909491747711542), np.float64(0.12260909522658822), np.float64(0.13469083026171472), np.float64(0.14349292158282548), np.float64(0.15790656148013751), np.float64(0.16826125783818616), np.float64(0.1797026128102947), np.float64(0.19260859864622884), np.float64(0.20434281399514787), np.float64(0.21513431946295003), np.float64(0.23113939710817447), np.float64(0.24513326040547867), np.float64(0.25775130488860853), np.float64(0.2746590911308928), np.float64(0.2896306919673262), np.float64(0.30179702988001583), np.float64(0.3151470236464073), np.float64(0.32935241438746554)]","[np.float64(0.5333121845676219), np.float64(1.0713588130514229), np.float64(1.6114208253988531), np.float64(2.1531209556256456), np.float64(2.6956505009529557), np.float64(3.239932793878165), np.float64(3.776701976692233), np.float64(4.320924249960573), np.float64(4.857237500204409), np.float64(5.395349346658708), np.float64(5.928273505027957), np.float64(6.460346245870154), np.float64(6.985690572872268), np.float64(7.510800499789068), np.float64(8.031406224525533), np.float64(8.538029171628574), np.float64(9.031885541830977), np.float64(9.534525907976429), np.float64(10.023734597261617), np.float64(10.493893304433946), np.float64(10.96739014829055), np.float64(11.423773966684717), np.float64(11.87904383887614), np.float64(12.34820278429146), np.float64(12.801972162724244), np.float64(13.246960084777369), np.float64(13.682525191321318), np.float64(14.117151620823336), np.float64(14.533061956159058), np.float64(14.953948734634256), np.float64(15.392825955246124), np.float64(15.790163472582813), np.float64(16.21128190004629), np.float64(16.621340703863183), np.float64(17.0173715660969), np.float64(17.41810255550785), np.float64(17.822268652808194), np.float64(18.1845847126063), np.float64(18.55795405723115), np.float64(18.938082685671432), np.float64(19.282362279055416), np.float64(19.637672617391466), np.float64(20.011065926907293), np.float64(20.372246791468406), np.float64(20.723631193252533)]",14142.100463308407,5.627576786035975,-126.78377206902951,187.9454803466797
8,STATE_A_RIPENING,SEEDED,6.8,20.0,2513,0.0625,120.0,300.0,60.0,100.0,0.05491444488658973,0.02148826104257859,0.46183529891733893,True,0.3336585986708428,20.727677164298562,2.8125,5.434488516342684,"[np.float64(-0.007169651708777639), np.float64(-0.01513147476303678), np.float64(-0.020189378819489515), np.float64(-0.024389510443067725), np.float64(-0.026106303225991), np.float64(-0.028632559596906675), np.float64(-0.029341005511400925), np.float64(-0.03298262056994895), np.float64(-0.033144275005839226), np.float64(-0.02915100071060425), np.float64(-0.026524982094836464), np.float64(-0.023450004956152154), np.float64(-0.017669261779791112), np.float64(-0.013276183948288408), np.float64(-0.00799162891657761), np.float64(-0.004106422544083456), np.float64(0.0010890228976531949), np.float64(0.006552447081335562), np.float64(0.016950396340164747), np.float64(0.028445194040288623), np.float64(0.03839949750488108), np.float64(0.048311842780228216), np.float64(0.05615621246948355), np.float64(0.06714217557112577), np.float64(0.07740225120007758), np.float64(0.08729172402426302), np.float64(0.09955771316515073), np.float64(0.10547062376996508), np.float64(0.11975365037246521), np.float64(0.13224547963807867), np.float64(0.14580672789599533), np.float64(0.15996469053224396), np.float64(0.17094060256206675), np.float64(0.18099821049950846), np.float64(0.19228920066156455), np.float64(0.2047309381527567), np.float64(0.22217822667435852), np.float64(0.23569032978420154), np.float64(0.24925465814887685), np.float64(0.25984388715408346), np.float64(0.2758400651061466), np.float64(0.2906480558015749), np.float64(0.3079939214266866), np.float64(0.3207659841853135), np.float64(0.3336585986708428)]","[np.float64(0.5338545331027617), np.float64(1.0720161381052078), np.float64(1.6121692749905043), np.float64(2.154181131321813), np.float64(2.6950987561113497), np.float64(3.2383212976105473), np.float64(3.7794199845332397), np.float64(4.327462409573634), np.float64(4.868802181928586), np.float64(5.398643044863498), np.float64(5.93049216576537), np.float64(6.459433949476961), np.float64(6.977099912854875), np.float64(7.497054830426288), np.float64(8.011134944827107), np.float64(8.528525918374797), np.float64(9.038014390821829), np.float64(9.54365557186553), np.float64(10.022225560649908), np.float64(10.49058908035617), np.float64(10.962194839577174), np.float64(11.42978053628848), np.float64(11.904857842543112), np.float64(12.35835186654374), np.float64(12.811840582723566), np.float64(13.263580071572253), np.float64(13.696676749241224), np.float64(14.165923264722467), np.float64(14.577975339033523), np.float64(14.997242494228454), np.float64(15.405168984757651), np.float64(15.804765277941462), np.float64(16.222095878104504), np.float64(16.64235393769651), np.float64(17.050522650349233), np.float64(17.446886099959876), np.float64(17.80307041729177), np.float64(18.183991905155995), np.float64(18.56092325556559), np.float64(18.956671381604874), np.float64(19.308395917413442), np.float64(19.665537967546843), np.float64(19.999818272850693), np.float64(20.365740026755216), np.float64(20.727677164298562)]",14437.161204883821,5.744990531191334,-249.26832092832774,182.38910150527954
10,STATE_A_RIPENING,SEEDED,6.8,20.0,2513,0.0625,120.0,300.0,60.0,100.0,0.048547552725825706,0.020294468762435337,0.4833140521631969,True,0.3325193597102526,20.7964010153915,2.8125,5.431985198571354,"[np.float64(-0.007425999262631085), np.float64(-0.012493596751802399), np.float64(-0.02070504376168047), np.float64(-0.02412247062758248), np.float64(-0.025489459191545896), np.float64(-0.025447102592242934), np.float64(-0.028806238954978126), np.float64(-0.033516305647931205), np.float64(-0.03632314371522364), np.float64(-0.032222849852874026), np.float64(-0.028871694037045308), np.float64(-0.02375064481309882), np.float64(-0.019646816212430716), np.float64(-0.016477094419836524), np.float64(-0.01120857049214541), np.float64(-0.0042343420134015606), np.float64(0.00218349760409135), np.float64(0.006273480422746182), np.float64(0.012029124793156345), np.float64(0.018890343567149977), np.float64(0.03173497241513559), np.float64(0.041027483568476644), np.float64(0.05066565987408098), np.float64(0.0626333067756838), np.float64(0.07106539337608499), np.float64(0.08474761232391596), np.float64(0.10052396294012303), np.float64(0.1128388294142865), np.float64(0.12310061734399748), np.float64(0.1337053948207152), np.float64(0.14738830807161718), np.float64(0.16184483634602925), np.float64(0.17456858344023468), np.float64(0.18508694790418997), np.float64(0.19864230645222494), np.float64(0.21256575809955), np.float64(0.22627322159379482), np.float64(0.2397959152886108), np.float64(0.25031398631340024), np.float64(0.2641450322260432), np.float64(0.27868423689386496), np.float64(0.29300456716320467), np.float64(0.30506921077756877), np.float64(0.3178759514820697), np.float64(0.3325193597102526)]","[np.float64(0.5354648726164339), np.float64(1.0736740799412268), np.float64(1.617249140941533), np.float64(2.160104519556282), np.float64(2.702023781470622), np.float64(3.2423580748175787), np.float64(3.789287274370564), np.float64(4.3411536210627775), np.float64(4.890905010324909), np.float64(5.422814533330862), np.float64(5.954794957913639), np.float64(6.479079356909762), np.float64(7.004296206241997), np.float64(7.5309233878593025), np.float64(8.047321376625932), np.float64(8.55369664047234), np.float64(9.059155848007697), np.float64(9.57253415727106), np.float64(10.075567774040822), np.float64(10.570090501980381), np.float64(11.02929243743081), np.float64(11.502811858568508), np.float64(11.97038173637773), np.float64(12.420296481813006), np.float64(12.886781005441957), np.float64(13.317460882539656), np.float64(13.730186795470003), np.float64(14.159709035528593), np.float64(14.59826012980002), np.float64(15.03085140374677), np.float64(15.438991107017127), np.float64(15.837562636407968), np.float64(16.243783141400506), np.float64(16.661582305621124), np.float64(17.054369827664175), np.float64(17.44063463258831), np.float64(17.824630468630478), np.float64(18.20626791413683), np.float64(18.606620318372105), np.float64(18.979028301748908), np.float64(19.34259035626571), np.float64(19.704330995099802), np.float64(20.080018883522428), np.float64(20.44691743060936), np.float64(20.7964010153915)]",14209.499039716422,5.654396752772153,-413.5493707675487,235.53463053703308
2,STATE_A_RIPENING,SEEDED,6.8,20.0,2513,0.0625,120.0,300.0,60.0,100.0,0.04417031436530044,0.017906884202148827,0.44597417674343265,True,0.32913274769496337,20.770801051183348,2.8125,5.510331189243414,"[np.float64(-0.008944834635636063), np.float64(-0.017263135578641346), np.float64(-0.024304924317286793), np.float64(-0.027127195606448665), np.float64(-0.03343626121913799), np.float64(-0.034376268675143797), np.float64(-0.03850818515935038), np.float64(-0.039519286967877314), np.float64(-0.041053197385588644), np.float64(-0.037966167572322955), np.float64(-0.03411536360232903), np.float64(-0.03051105252166949), np.float64(-0.02584631325857557), np.float64(-0.022653071383527207), np.float64(-0.018077722075972434), np.float64(-0.01263326009583716), np.float64(-0.006429727477288908), np.float64(0.0014403366416205134), np.float64(0.008685387319295482), np.float64(0.01898599377291669), np.float64(0.027664756187548652), np.float64(0.03639296985974405), np.float64(0.04628301605703403), np.float64(0.05405974857162457), np.float64(0.06635501224915294), np.float64(0.07786300975912883), np.float64(0.08696661031094403), np.float64(0.0995254238178565), np.float64(0.11276111482897758), np.float64(0.12541953689523497), np.float64(0.13669830405720895), np.float64(0.14961232421904871), np.float64(0.16346616579216205), np.float64(0.1762962148389637), np.float64(0.19193701532060414), np.float64(0.20576552189784664), np.float64(0.21679300320097675), np.float64(0.22923990450633652), np.float64(0.24149772441503561), np.float64(0.2559554641110077), np.float64(0.2674902012945727), np.float64(0.28228887651938056), np.float64(0.29769638933267456), np.float64(0.3151153001728496), np.float64(0.32913274769496337)]","[np.float64(0.5345348150346603), np.float64(1.073584625008445), np.float64(1.6161776980775544), np.float64(2.158026985301245), np.float64(2.7063232376553485), np.float64(3.24916821826303), np.float64(3.7988325948466293), np.float64(4.343807533568867), np.float64(4.8906903097690275), np.float64(5.425374710966014), np.float64(5.956003818298403), np.float64(6.485369522348653), np.float64(7.008975218695187), np.float64(7.535786241105532), np.float64(8.055223850425532), np.float64(8.568516694806293), np.float64(9.075583111598032), np.float64(9.571607391620221), np.float64(10.06701342337863), np.float64(10.543160060496113), np.float64(11.023473815047677), np.float64(11.499669608716514), np.float64(11.965425845176318), np.float64(12.439517588684488), np.float64(12.882911184795098), np.float64(13.326511406996012), np.float64(13.78099495708834), np.float64(14.20954935553803), np.float64(14.629245862885059), np.float64(15.048351990370035), np.float64(15.472624974061219), np.float64(15.881780312023325), np.float64(16.280283831427546), np.float64(16.681898663519803), np.float64(17.05950016122752), np.float64(17.44600455401989), np.float64(17.849180590899522), np.float64(18.238544742312175), np.float64(18.62586944451617), np.float64(18.993184319940035), np.float64(19.379227577615115), np.float64(19.73700560041758), np.float64(20.08661792859613), np.float64(20.417176008543773), np.float64(20.770801051183348)]",14459.778904226352,5.753990809481238,-406.1340419780463,94.86122512817383
0,STATE_A_RIPENING,SEEDED,6.8,20.0,2513,0.0625,120.0,300.0,60.0,100.0,0.05372065260644648,0.021886191802626343,0.45138286823686047,True,0.3363084446350433,21.13017813250049,2.875,5.652647325600782,"[np.float64(-0.007149483445764659), np.float64(-0.014986528600490037), np.float64(-0.02092787257699422), np.float64(-0.022323328415019144), np.float64(-0.027954425423254808), np.float64(-0.03127532190244063), np.float64(-0.031130605696940285), np.float64(-0.033271850485670794), np.float64(-0.03199111441463451), np.float64(-0.03215030008810549), np.float64(-0.03000291026655619), np.float64(-0.029036221248037626), np.float64(-0.02629092491359002), np.float64(-0.021609466093230546), np.float64(-0.015318723504829466), np.float64(-0.011370286168248261), np.float64(-0.003173285814824696), np.float64(0.005806470372754828), np.float64(0.012666951060169004), np.float64(0.021964724135647404), np.float64(0.027373834861998212), np.float64(0.03549938697533275), np.float64(0.04332825575650488), np.float64(0.052378470479849136), np.float64(0.06343254139783723), np.float64(0.07340051877844342), np.float64(0.08255429561918204), np.float64(0.09595786707447362), np.float64(0.11067982810496431), np.float64(0.12340336467714827), np.float64(0.13531041081820794), np.float64(0.14838371379339163), np.float64(0.16254152241428288), np.float64(0.17466830014454546), np.float64(0.186662059126296), np.float64(0.1984385863427967), np.float64(0.21124441271349467), np.float64(0.22599427980323383), np.float64(0.23882344200102176), np.float64(0.24916726460313401), np.float64(0.26179186225146334), np.float64(0.2746569054655831), np.float64(0.29399333070021416), np.float64(0.3092457550902509), np.float64(0.3223513063261058), np.float64(0.3363084446350433)]","[np.float64(0.5329135341973921), np.float64(1.0700586785685124), np.float64(1.609950762888838), np.float64(2.148132412426589), np.float64(2.6929319170236403), np.float64(3.2370525644415986), np.float64(3.776279269603578), np.float64(4.320524654021451), np.float64(4.857373739646224), np.float64(5.397525753297316), np.float64(5.930702682506441), np.float64(6.46663598314411), np.float64(6.995639584022629), np.float64(7.5157200976877325), np.float64(8.026793717869905), np.float64(8.544798701233956), np.float64(9.04144344930866), np.float64(9.53046247208244), np.float64(10.025798355809686), np.float64(10.50535483790269), np.float64(11.001546210847085), np.float64(11.480120346163899), np.float64(11.956829445553701), np.float64(12.422927405385387), np.float64(12.873117070919092), np.float64(13.325733714065075), np.float64(13.779631490638746), np.float64(14.202336069636814), np.float64(14.611750192008266), np.float64(15.029761104790122), np.float64(15.449095815712242), np.float64(15.856420300099998), np.float64(16.25205884588921), np.float64(16.65788945158752), np.float64(17.06094955577873), np.float64(17.46197218033049), np.float64(17.85190280862948), np.float64(18.223762955700163), np.float64(18.606238460753193), np.float64(19.00414682182011), np.float64(19.381557709738072), np.float64(19.753830451958894), np.float64(20.072483964272735), np.float64(20.419296353917662), np.float64(20.779628192824042), np.float64(21.13017813250049)]",15012.310743836224,5.973860224367777,-474.6647324464284,313.1107357740402
5,STATE_A_RIPENING,SEEDED,6.8,20.0,2513,0.0625,120.0,300.0,60.0,100.0,0.053322721846398725,0.022682053322721846,0.4641326005732678,True,0.32299029288349596,21.28019356278839,2.875,5.520530738459602,"[np.float64(-0.010848010063991735), np.float64(-0.015977926176854916), np.float64(-0.023846810327071897), np.float64(-0.03178612873724372), np.float64(-0.03506248149459639), np.float64(-0.03653061476884825), np.float64(-0.03904297903516348), np.float64(-0.039630925914747483), np.float64(-0.039456510501228156), np.float64(-0.04028253351878993), np.float64(-0.03401694551901305), np.float64(-0.03023432581439004), np.float64(-0.02538205415835306), np.float64(-0.02301366973575846), np.float64(-0.0193294374197707), np.float64(-0.013266162981881621), np.float64(-0.006923875190135036), np.float64(0.0009748054775617435), np.float64(0.009507584098435062), np.float64(0.017501791514422226), np.float64(0.026859279653573546), np.float64(0.03456503297236691), np.float64(0.04260151365393804), np.float64(0.05242560930144371), np.float64(0.0656356999239434), np.float64(0.07617259338929057), np.float64(0.08711726977714201), np.float64(0.09705806376800681), np.float64(0.1065651616722834), np.float64(0.11429133125668382), np.float64(0.1250123434068022), np.float64(0.13917266501709272), np.float64(0.15321683837129088), np.float64(0.16366794192590758), np.float64(0.1767894928113207), np.float64(0.18746623755154898), np.float64(0.20071279037749287), np.float64(0.21407927493102924), np.float64(0.22493044903941717), np.float64(0.23514312527415457), np.float64(0.25000387065364194), np.float64(0.2647101942902556), np.float64(0.2783891391525148), np.float64(0.29281272655668344), np.float64(0.30903067511654486), np.float64(0.32299029288349596)]","[np.float64(0.5350132731672318), np.float64(1.0728120585361949), np.float64(1.6156911159128498), np.float64(2.163069194182044), np.float64(2.708422911528053), np.float64(3.252582805803846), np.float64(3.7996371832175426), np.float64(4.343771533566823), np.float64(4.886299287912324), np.float64(5.431557377508766), np.float64(5.955304911646855), np.float64(6.4840135427701755), np.float64(7.006840337252915), np.float64(7.536676307380847), np.float64(8.05982775451111), np.float64(8.57069505361223), np.float64(9.07723798953986), np.float64(9.573197153098313), np.float64(10.062244803927346), np.float64(10.55014613967125), np.float64(11.027064116144972), np.float64(11.509059997379099), np.float64(11.985736660950645), np.float64(12.448344798993025), np.float64(12.886402704503162), np.float64(13.336088079729587), np.float64(13.779124931783471), np.float64(14.224574868178617), np.float64(14.669171042058716), np.float64(15.122303496563607), np.float64(15.551744807796549), np.float64(15.95332716947542), np.float64(16.351384216250494), np.float64(16.771057700425814), np.float64(17.167803129920195), np.float64(17.578747849268282), np.float64(17.967110000943773), np.float64(18.35084829539464), np.float64(18.750159348663235), np.float64(19.1512629696085), np.float64(19.51300918216756), np.float64(19.872378568552065), np.float64(20.236387664494043), np.float64(20.59116592758187), np.float64(20.92828654931372), np.float64(21.28019356278839)]",15252.641612597832,6.06949526963702,-1584.5515297953389,181.6845599412918
